Price,Close,High,Low,Open,Volume
Ticker,AAPL,AAPL,AAPL,AAPL,AAPL
Date,,,,,
2021-01-04,125.9744644165039,130.0629610638514,123.39481436257799,129.97535392263828,143301900
2021-01-05,127.5320053100586,128.24263632210662,125.02049610454635,125.46829078537516,97664900
2021-01-06,123.23905944824219,127.57092663069263,123.02489875437408,124.32932869572905,155088000
2021-01-07,127.4443588256836,128.13551641563382,124.46559750336911,124.95232359796171,109578200
2021-01-08,128.54437255859375,129.1089766459298,126.77268233415623,128.9142743130051,105158200
2021-01-11,125.55587005615234,126.71428063801753,125.08861712398671,125.76030156918269,100384500
2021-01-12,125.38068389892578,126.24705602237135,123.49218368847659,125.088645180681,91951100
2021-01-13,127.4151840209961,127.9603149883141,125.07890420286044,125.34172565614995,88636800
2021-01-14,125.48773956298828,127.52225130518217,125.34171280576037,127.32756381591491,90221800
2021-01-15,123.76472473144531,126.76295959555424,123.6284420036996,125.36118590805361,111598500
2021-01-19,124.43639373779297,125.29303640790387,123.57002189323133,124.38771815813641,90757300
2021-01-20,128.5248565673828,128.97265098885094,125.13724802483696,125.24432833081646,104319500
2021-01-21,133.23641967773438,135.96208925479198,130.0434971272025,130.2479286583061,120150900
2021-01-22,135.3780059814453,136.13729751698824,131.435521560002,132.66206599733243,114459400
2021-01-25,139.1258087158203,141.23819854253642,132.9151779412319,139.2718354812106,157611700
2021-01-26,139.3594207763672,140.46915569228537,137.6169330170498,139.787742121757,98390600
2021-01-27,138.2886199951172,140.46915831522645,136.68242977361535,139.62224478331817,140843800
2021-01-28,133.45057678222656,138.22050212672593,133.07093096645877,135.81607367562873,142621100
2021-01-29,128.45677185058594,133.10987264929705,126.753230328146,132.22402749273948,177523800
2021-02-01,130.5789337158203,131.7860203106904,127.45414427326313,130.19928778856647,106239800
2021-02-02,131.4063262939453,132.69127555683025,131.0364096809211,132.12667146199954,83305400
2021-02-03,130.38418579101562,132.16560504134387,130.06294479305137,132.15586101329262,89880900
2021-02-04,133.74258422851562,133.75231340224198,131.01691536139694,132.68152499802775,84183100
2021-02-05,133.3282470703125,133.97168912108438,132.4508369108214,133.90345338134028,75693800
2021-02-08,133.47454833984375,133.52329667503085,131.53447765626234,132.61662524344138,71297200
2021-02-09,132.59707641601562,134.42016235628924,132.44110262440083,133.19177019449774,76774200
2021-02-10,131.99266052246094,133.5525177010359,131.02749721967888,133.0553056014661,73046600
2021-02-11,131.7391815185547,132.9675589258699,130.4133074654321,132.4898491628531,64280000
2021-02-12,131.97314453125,132.1291332081116,130.33530805190028,130.9787501870301,60145100
2021-02-16,129.8478546142578,132.5970843838598,129.4578829220419,132.0901434978276,80576300
2021-02-17,127.55683898925781,128.9022155221852,126.22122104772362,127.95655446293937,97918500
2021-02-18,126.45521545410156,126.73793198775392,124.21292598990689,125.9580032772641,96856700
2021-02-19,126.61115264892578,127.43008573965325,125.56801001534814,126.97187831271118,87668800
2021-02-22,122.8382797241211,126.46493488700048,122.44831544375612,124.79783740249141,103916400
2021-02-23,122.70178985595703,123.53045927947294,115.41923371769597,120.65448673963841,158273000
2021-02-24,122.20457458496094,122.40930413496974,119.16286991288813,121.80486663626253,111039900
2021-02-25,117.95399475097656,123.28673718148006,117.51528958023444,121.55140392768223,148199500
2021-02-26,118.21721649169922,121.71712880247114,118.15871701805524,119.51383705660506,164560400
2021-03-01,124.58335876464844,124.71984514122286,119.70882406427694,120.64473383419431,116307900
2021-03-02,121.98037719726562,125.49004121695306,121.87313682284052,125.18782240063729,102260900
2021-03-03,118.99713897705078,122.55555080343935,118.78265825970878,121.67813306792647,112966300
2021-03-04,117.11557006835938,120.49849839926789,115.64346591859298,118.69492201638303,178155000
2021-03-05,118.3731918334961,118.88014757741405,114.61980182519049,117.94423786319923,153766600
2021-03-08,113.4401626586914,117.96372988743823,113.29392514231552,117.89548670485603,154376600
2021-03-09,118.05147552490234,118.99713642859442,115.80919406877891,116.04316964725494,129525800
2021-03-10,116.96934509277344,119.10438636423861,116.4526381350717,118.6364351696504,111943300
2021-03-11,118.89965057373047,120.1182842596345,118.21721868480411,119.46509838909789,103026500
2021-03-12,117.99296569824219,118.12945205160229,116.16989479066875,117.37877710812177,88105100
2021-03-15,120.87871551513672,120.88846666765528,117.39829786101335,118.36346113570012,92403800
2021-03-16,122.4190673828125,124.02766536377307,121.59039794957519,122.54580261068884,115227900
2021-03-17,121.62939453125,122.70179070070945,119.27011403289939,120.93721148152662,111932600
2021-03-18,117.50555419921875,120.0890595595512,117.30082459619709,119.79658444783392,121229700
2021-03-19,116.97909545898438,118.3829639984745,116.67687665204714,116.89135739424152,185549500
2021-03-22,120.29376983642578,120.76172845240197,117.24231371312757,117.31055690317099,111912300
2021-03-23,119.46510314941406,121.1224420531035,119.07513886679595,120.23528056214857,95467100
2021-03-24,117.07657623291016,119.81606991796893,117.05708136591241,119.73807557407793,88530500
2021-03-25,117.56402587890625,118.60718345893137,116.0139273940255,116.5403780411406,98844700
2021-03-26,118.16845703125,118.43168604296147,115.9359194779791,117.33003655489678,94071200
2021-03-29,118.34396362304688,119.50410536738507,117.70052885181629,118.59744153314395,80819200
2021-03-30,116.8913345336914,117.37878796591035,115.87743050212212,117.09606408266947,85671900
2021-03-31,119.08490753173828,120.42052554083541,118.11000040079969,118.59745396626899,118323800
2021-04-01,119.91353607177734,121.06392639014648,119.41633152251266,120.55697812823146,75089100
2021-04-05,122.74079895019531,122.99427686554803,119.98181021656318,120.7617388309021,88651200
2021-04-06,123.04300689697266,123.93991951774667,122.49706137788411,123.32573080877205,80171300
2021-04-07,124.69058990478516,124.71008476944755,121.9998448664795,122.6725329855432,83466700
2021-04-08,127.08888244628906,127.11812846744388,125.29505706125592,125.71425994840894,88844600
2021-04-09,129.66259765625,129.70158738082736,126.22117802130997,126.54289903368493,106686700
2021-04-12,127.94678497314453,129.51638565340366,127.3520911781172,129.19466459616936,91420000
2021-04-13,131.05673217773438,131.28097148351077,128.61946483937675,129.11667689697725,91266500
2021-04-14,128.71693420410156,131.61240837850028,128.35622347475837,131.55391635491986,87222800
2021-04-15,131.12496948242188,131.61242290057214,130.2865490081675,130.46203997416845,89347100
2021-04-16,130.79351806640625,131.29071524829968,129.9355952026849,130.93000444237106,84922400
2021-04-19,131.4564971923828,132.07069355368424,129.9941362375927,130.15986869402698,94264200
2021-04-20,129.76988220214844,132.12915555406386,128.502500021129,131.6319582978669,94812300
2021-04-21,130.15008544921875,130.3938122009963,128.00529300875627,129.03869205614907,68847100
2021-04-22,128.6292266845703,130.78376273570044,128.11252718583415,129.7016154150474,84566500
2021-04-23,130.9495086669922,131.72942232628785,128.84370608473515,128.84370608473515,78657500
2021-04-26,131.33949279785156,131.67095765954295,130.20859693053708,131.44673317968144,66905100
2021-04-27,131.01773071289062,132.01213986314156,130.74475798551163,131.6221681983873,66015800
2021-04-28,130.22804260253906,131.63191067198548,129.7405892381977,130.9397203492265,107760100
2021-04-29,130.13058471679688,133.63051222031285,129.12643167740748,133.04556205861587,151101000
2021-04-30,128.16128540039062,130.2085812488916,127.78107225167611,128.4732479162047,109839500
2021-05-03,129.21417236328125,130.70579381831388,128.52199669631204,128.72671884393358,75135100
2021-05-04,124.64185333251953,128.19052150938094,123.52070884107249,127.89804644623831,137564700
2021-05-05,124.88558959960938,127.17661206810328,124.75884693241741,125.95797834787251,84000900
2021-05-06,126.48443603515625,126.4941797495625,123.93992080258374,124.6808521847062,78128300
2021-05-07,127.15827178955078,128.1836509944488,126.44537008751145,127.78327149877356,78973300
2021-05-10,123.87702178955078,126.50397133586344,123.83795837335852,126.37702827176201,88071200
2021-05-11,122.95903778076172,123.3105935686965,119.89262343355486,120.60551762571262,126142800
2021-05-12,119.89263153076172,121.71880695136791,119.38482206893003,120.50787096501224,112172300
2021-05-13,122.04106903076172,123.19341357180042,121.34771025318693,121.66021008886267,105861300
2021-05-14,124.46294403076172,124.89263410961189,122.90044481301196,123.29107148009538,81918000
2021-05-17,123.31058502197266,123.95512006477786,122.23636740121376,123.84769755764366,74244600
2021-05-18,121.92388153076172,124.01372562566158,121.85552242300645,123.59380326356951,63342900
2021-05-19,121.76763153076172,121.99223682754793,119.9805196188087,120.27349147179841,92612000
2021-05-20,124.32621002197266,124.7266043537825,122.16800708745404,122.29496502221474,76857100
2021-05-21,122.49028778076172,125.00005419589023,122.27544274551913,124.8242725716539,79295400
2021-05-24,124.12114715576172,124.94146389287052,122.98833802904868,123.05669713625909,63092900
2021-05-25,123.92584228515625,125.31256736390405,123.35943397486378,124.82427842870585,72009500
2021-05-26,123.87702178955078,124.40436673226912,123.45709937871496,123.9844443214333,56575900
2021-05-27,122.34379577636719,124.64848475719648,122.14848618161899,123.47661228754039,94625600
2021-05-28,121.68951416015625,122.85162649652436,121.63092276524166,122.62701373171124,71311100
2021-06-01,121.36723327636719,122.4121552577231,121.03520547415292,122.1484865589402,67637100
2021-06-02,122.12895202636719,122.30473364370846,121.14262887683675,121.36723416808287,59278900
2021-06-03,120.64458465576172,121.92387970340114,120.2441902802076,121.75786579428137,76229200
2021-06-04,122.93950653076172,123.20318269390796,120.94731726161271,121.16216229807738,75169300
2021-06-07,122.94927978515625,123.35943444565716,121.90435770211774,123.21294850959707,71057600
2021-06-08,123.76957702636719,125.44927381859075,123.25199989330952,123.63285881954378,74403800
2021-06-09,124.15044403076172,124.75591573650723,123.55474004059155,124.22857085419675,56877900
2021-06-10,123.15435028076172,125.18560293992083,122.98833637271277,124.04301866252895,71186400
2021-06-11,124.36528015136719,124.45317468407444,123.14457656242446,123.5644988950441,53522400
2021-06-14,127.42192077636719,127.4805121651489,124.09184522029778,124.82426738240325,96906500
2021-06-15,126.60161590576172,127.53912286216541,126.35747517662371,126.89458776096085,62746300
2021-06-16,127.09964752197266,127.8223093871763,125.44926884121655,127.3144925386233,91815000
2021-06-17,128.70123291015625,129.4434303366887,126.61138865865254,126.75788205128507,96721700
2021-06-18,127.40240478515625,128.4277839276905,127.18755975119329,127.64654551455347,108953300
2021-06-21,129.19924926757812,129.30667176152045,126.1816740756951,127.24612385129173,79663300
2021-06-22,130.8399200439453,130.93758231447188,128.53523053051975,129.03328724856672,74783600
2021-06-23,130.56643676757812,131.17191580570798,130.10745108272897,130.63480331267544,60214200
2021-06-24,130.2832489013672,131.48441699311277,129.81448802069463,131.29886767382567,68711000
2021-06-25,129.9902801513672,130.7519979740222,129.69730831930764,130.33208310563106,70783700
2021-06-28,131.62115478515625,132.08014056924634,130.22467690249317,130.28326829600795,62111300
2021-06-29,133.13479614257812,133.2910497525751,131.2012061476498,131.64065638724745,64556100
2021-06-30,133.7500457763672,134.18949604999602,132.68558101434905,132.97855283049014,63261400
2021-07-01,134.0527801513672,134.11137153536558,132.5781607819675,133.39848486144226,52485800
2021-07-02,136.6797637939453,136.71881975736173,134.52155301126126,134.66803150053377,78852600
2021-07-06,138.6914520263672,139.79495784960233,136.78715756035768,136.78715756035768,108181800
2021-07-07,141.18170166015625,141.4941940308165,139.31646299700128,140.17582819219206,104911600
2021-07-08,139.88287353515625,140.68364735524526,137.37309975875638,138.2617755637112,105575500
2021-07-09,141.70904541015625,142.2363828285555,139.30669407903906,139.4043563311566,99890800
2021-07-12,141.11334228515625,142.89069395646402,140.62506082396192,142.78327143895456,76299700
2021-07-13,142.2266387939453,144.00399065736747,140.26375247219565,140.65437172290618,100827100
2021-07-14,145.65435791015625,146.06452746184092,144.218809182764,144.62897873444868,127050800
2021-07-15,145.00006103515625,146.48444087501676,143.64263914576114,145.74225840567044,106820300
2021-07-16,142.9590606689453,146.25007329563246,142.46101889049345,144.98055328375486,93251400
2021-07-19,139.1114044189453,140.69344670327928,138.34968642696475,140.38093937263613,121434600
2021-07-20,142.72467041015625,143.6524171415738,139.6094470898314,140.097728569033,96350000
2021-07-21,141.99221801757812,142.70511955455981,141.24027542823887,142.1191759435654,74993500
2021-07-22,143.35943603515625,144.72661812834664,142.39263340422124,142.5195913490058,77338200
2021-07-23,145.07815551757812,145.23440912929303,143.47659325041192,144.09183253331145,71447400
2021-07-26,145.4981231689453,146.31843249256286,144.23834858516193,144.79499663408214,72434100
2021-07-27,143.33016967773438,145.71298601459037,142.13876150930636,145.6250840111189,104818600
2021-07-28,141.5820770263672,143.52544245138444,139.19926130154866,141.41606313093854,118931200
2021-07-29,142.2266387939453,143.1153147256564,141.1914843685101,141.29890689763087,56699500
2021-07-30,142.44143676757812,142.90042243108647,140.7324520335854,140.99612813629884,70440600
2021-08-02,142.1094512939453,143.50592922511103,141.84577511280253,142.9297606339798,62880000
2021-08-03,143.9063262939453,144.57038199069586,141.7774111754852,142.39265064248633,64786600
2021-08-04,143.5059356689453,144.3262450458141,142.851640220645,143.818442994135,56368300
2021-08-05,143.61337280273438,144.37509085887814,142.7442322052795,143.53524596349257,46397700
2021-08-06,142.92868041992188,143.877366577441,142.4298926671649,143.13407239075616,54126800
2021-08-09,142.8798370361328,143.47643358609363,142.3223698894288,142.98742050984688,48908700
2021-08-10,142.40060424804688,144.46423988872255,142.10719343722454,143.22214257955443,69023100
2021-08-11,142.65487670898438,143.4959796880464,142.33212632967644,142.84070404163072,48493500
2021-08-12,145.6183319091797,145.7748196952717,142.63534877709864,142.97766394373784,72282600
2021-08-13,145.82369995117188,146.15622524916978,145.01193648359285,145.6965517804986,59375000
2021-08-16,147.7992706298828,147.8677396068058,143.25145612128088,145.27596199320675,103296000
2021-08-17,146.8897247314453,148.3469738946529,145.81389018106398,146.92883920441727,92229700
2021-08-18,143.14382934570312,147.40802161621878,142.9384374005959,146.50823984288806,86326000
2021-08-19,143.47640991210938,144.74784668525945,141.32475571635126,141.8431082977637,86960300
2021-08-20,144.9337158203125,145.2369015772598,143.55469519339428,144.20019611537685,60549600
2021-08-23,146.42025756835938,146.88970580098356,144.64024334594515,145.0510124149276,60131800
2021-08-24,146.33226013183594,147.54501786684636,145.87258667150505,146.16599748585364,48606400
2021-08-25,145.09994506835938,147.0168826886461,144.5522528692755,146.51807985316438,58991300
2021-08-26,144.2979736328125,145.84325676235127,144.2686340417797,145.09018736118287,48597200
2021-08-27,145.33465576171875,145.48135367838458,143.60354572760687,144.2392565978135,55802400
2021-08-30,149.75535583496094,150.11723565003402,145.3444633733459,145.7258929660488,90956700
2021-08-31,148.49371337890625,149.4423999461669,147.96557089636175,149.3054768809692,86453100
2021-09-01,149.1587371826172,151.57446255268852,148.99247455645138,149.4717126602179,80313700
2021-09-02,150.273681640625,151.3201765731345,149.05114919993167,150.48884854406634,71115500
2021-09-03,150.909423828125,151.23217421828528,149.72600573087058,150.38128139931968,57808700
2021-09-07,153.24693298339844,153.80440017652478,150.9974696606434,151.56472666714657,82278300
2021-09-08,151.70162963867188,153.58921285674052,150.59645536526742,153.53053367824012,74420200
2021-09-09,150.68447875976562,152.67964530991367,150.56710548729126,152.073273942186,57305700
2021-09-10,145.696533203125,152.0634770377577,145.4324620067416,151.59402874023678,140893200
2021-09-13,146.26377868652344,148.09268237347644,145.48135496921765,147.32004846636258,102404300
2021-09-14,144.86520385742188,147.7503924466826,143.6818007748944,147.04621254489265,109296300
2021-09-15,145.7552032470703,146.15619746026422,143.15365068997156,145.29552986579753,83281300
2021-09-16,145.52049255371094,145.69654500672686,143.98499938228917,145.1781923829195,68034100
2021-09-17,142.85047912597656,145.54984051172312,142.55706833315722,145.54984051172312,129868800
2021-09-20,139.7990264892578,141.65726975585443,138.1657250042302,140.64012937196273,123478900
2021-09-21,140.27825927734375,141.42256280767091,139.642548359155,140.7672722677942,75834000
2021-09-22,142.6450958251953,143.21233776359767,140.54233100418216,141.27585049264187,76404300
2021-09-23,143.60357666015625,143.84808318959392,142.43972319227385,143.42752419874412,64838200
2021-09-24,143.6915740966797,144.22949136628228,142.36145817706782,142.45926674371992,53477900
2021-09-27,142.17562866210938,142.7526753188713,140.65970036682202,142.27343722725323,74150700
2021-09-28,138.79168701171875,141.56927754565646,138.5765200764918,140.10223840010562,108972300
2021-09-29,139.69146728515625,141.2758647647725,138.90904343372455,139.33937729818666,74602000
2021-09-30,138.3907012939453,141.20742140322028,138.17553434540375,140.50324137590155,89056700
2021-10-01,139.51539611816406,139.77946730384753,136.0531908135578,138.7818766539813,94639600
2021-10-04,136.08255004882812,139.08509731906585,135.23167212302508,138.6449736382081,98322000
2021-10-05,138.00924682617188,139.11442096062234,136.2977013587978,136.42484951189164,80861100
2021-10-06,138.8796844482422,139.02638237086833,135.32944548577333,136.40527999667046,83221100
2021-10-07,140.141357421875,141.05092948182715,139.58389028870607,139.91641559084152,61732700
2021-10-08,139.75990295410156,141.01177498221017,139.42737771114903,140.86507705840515,58773200
2021-10-11,139.67190551757812,141.62795772548145,138.69387941362646,139.1437779877816,64452200
2021-10-12,138.40045166015625,140.10222224522562,137.94077825367475,140.0826575469626,73035900
2021-10-13,137.81362915039062,138.29285227644627,136.14119834359943,138.1363794788412,78762700
2021-10-14,140.60101318359375,140.71838645223315,138.4004546711347,138.98727624385413,69907100
2021-10-15,141.65728759765625,141.71596677210917,140.35651117780878,140.61080749842878,67940300
2021-10-18,143.32974243164062,143.61336346297995,140.0142342143523,140.29785524569164,85589200
2021-10-19,145.4911651611328,145.89215946553824,143.32973571996214,143.77961939322623,76378900
2021-10-20,145.98019409179688,146.45943233131632,144.86524475312603,145.43250177434402,58418800
2021-10-21,146.19529724121094,146.35178495602463,144.62067505418665,145.54002172435474,61421000
2021-10-22,145.42271423339844,146.8799636819581,145.37380993998815,146.40074040762428,58883400
2021-10-25,145.37379455566406,146.08774940871533,144.3762037849461,145.41290903215594,50720600
2021-10-26,146.038818359375,147.52540681763762,145.73561782825968,146.04859324483448,60893400
2021-10-27,145.57919311523438,146.43984594803317,145.22710311706854,146.07798106118008,56094900
2021-10-28,149.21743774414062,149.804244404835,146.43005760449074,146.5278661763529,100077900
2021-10-29,146.50828552246094,146.64520855406127,143.19277825689716,143.98497686283406,124953200
2021-11-01,145.68679809570312,146.41052797626944,144.5522840537118,145.71613768959114,74588300
2021-11-02,146.72348022460938,148.23942366972244,145.38357431484795,145.39336412691904,69122000
2021-11-03,148.16114807128906,148.63059632188478,146.52784661894307,147.08531361837095,54511500
2021-11-04,147.64283752441406,149.0805222679595,147.32986198602657,148.249208975671,60394600
2021-11-05,148.1717071533203,149.07280247570614,146.9767728258522,148.76917431705436,65463900
2021-11-08,147.3489532470703,148.4557402315451,147.0747075253852,148.29902412050475,55020900
2021-11-09,147.71139526367188,148.3186517141658,146.97680506248372,147.11392796889447,56787900
2021-11-10,144.88072204589844,147.04532029086099,144.8121680903653,146.93757983621995,65187100
2021-11-11,144.8317413330078,146.35968594886663,144.64564283192527,145.899356689965,41000000
2021-11-12,146.90821838378906,147.3097829126506,144.44978082602336,145.3802585513719,63804000
2021-11-15,146.91799926757812,148.75937630755206,146.3597036966309,147.28039221661786,59222800
2021-11-16,147.89747619628906,148.37741378411212,146.27157982474884,146.85925789370467,59256200
2021-11-17,150.33633422851562,151.81530374274254,147.88770029718108,147.89748945260723,88807000
2021-11-18,154.62631225585938,155.40987800940817,149.90535437132496,150.55179723889825,137827700
2021-11-19,157.25125122070312,157.71159552855715,153.31384424629613,154.41082730572364,117305600
2021-11-22,157.71160888671875,162.29544415495414,157.69201563177705,158.35803684704905,117467900
2021-11-23,158.09359741210938,158.4755836899061,155.79187564508103,157.8095475198677,96041900
2021-11-24,158.6126708984375,158.80855857074818,156.35992530368637,157.44711907207267,69463600
2021-11-26,153.58807373046875,157.15328324096114,153.14732272261747,156.2913744764638,76959800
2021-11-29,156.94761657714844,157.8780943084946,155.52739720558188,156.09548196515397,88748200
2021-11-30,161.90365600585938,162.11913695746247,156.6341917361946,156.7027606504653,174048100
2021-12-01,161.3845672607422,166.8009442517478,161.14949302605055,164.03887803890356,152052500
2021-12-02,160.3953094482422,160.82627140546424,154.55777460571244,155.47846334245494,136739200
2021-12-03,158.51473999023438,161.57064486360198,156.43830349501886,160.64995624545222,118023100
2021-12-06,161.9232635498047,164.43066217672398,160.90462351682206,160.91441267175034,107497000
2021-12-07,167.66285705566406,168.05464745577578,164.881212468611,165.606013499861,120405400
2021-12-08,171.4827117919922,172.3446356103418,167.19270089919112,168.59332710400926,116998900
2021-12-09,170.97337341308594,173.11837862863902,170.3465238704593,171.3161880617465,108923700
2021-12-10,175.76290893554688,175.93921831838114,171.1007161505561,171.61003610118843,115402700
2021-12-13,172.129150390625,178.38785718223016,171.9234585953343,177.39859965742585,153237000
2021-12-14,170.74813842773438,174.08807860568035,168.67170169318734,171.64923389641092,139380400
2021-12-15,175.61598205566406,175.81186972926076,168.76959801571434,171.51207028188244,131063300
2021-12-16,168.7206268310547,177.4181772656769,167.2416576691539,175.5963934569458,150185800
2021-12-17,167.62367248535156,169.90580094866743,166.20346789014454,166.43852716670187,195432700
2021-12-20,166.26219177246094,167.0751397760327,164.01925037100784,164.82239427695404,107499100
2021-12-21,169.4356689453125,169.641345814115,165.64517367936028,168.03504264727704,91185900
2021-12-22,172.03118896484375,172.24666990143447,168.61289133008395,169.48460422982922,92135300
2021-12-23,172.65805053710938,173.21634616947264,171.66880794684926,172.23689273327608,68356600
2021-12-27,176.62486267089844,176.71300990463334,173.43184943831818,173.45142774896462,74919600
2021-12-28,175.606201171875,177.6042945644057,174.86182193569553,176.45833582983963,79144300
2021-12-29,175.69435119628906,176.91866791508298,174.4798236309474,175.6453755384828,62348900
2021-12-30,174.53857421875,176.85988869120052,174.43083375846518,175.7824840883525,59773000
2021-12-31,173.9215545654297,175.5474359178977,173.61791144491113,174.43085959378186,64062300
2022-01-03,178.2703094482422,179.12244407617163,174.05867174915193,174.17620137564992,104487900
2022-01-04,176.0077667236328,179.18120100693088,175.43968197842852,178.87757285498617,99310400
2022-01-05,171.3260040283203,176.46813489136744,171.05175824457976,175.9196433238863,94537600
2022-01-06,168.4659881591797,171.69818743268368,168.1133843303379,169.15160256379613,96904000
2022-01-07,168.6324920654297,170.5620164817169,167.5159157741246,169.3376997173353,86709100
2022-01-10,168.65208435058594,168.95571251516662,164.71467747425172,165.6059836604726,106765600
2022-01-11,171.4827117919922,171.58064816981238,167.31024547595837,168.77942565072325,76138300
2022-01-12,171.9234619140625,173.53955411934612,171.22805833783443,172.50133585944042,74805200
2022-01-13,168.65208435058594,172.9910557649256,168.26029402106818,172.16831849084767,84505800
2022-01-14,169.51400756835938,170.20941111487983,167.57467907053888,167.81954242119846,80440800
2022-01-18,166.3112030029297,168.99489595879072,165.9292167455851,167.9860600754121,90956700
2022-01-19,162.8145294189453,167.56488423888524,162.53049451772475,166.5070728064469,94815000
2022-01-20,161.12985229492188,166.19362391453956,160.806630921933,163.5491030708596,91420500
2022-01-21,159.0730438232422,162.91249968467412,158.965303342259,161.04173994454513,122848900
2022-01-24,158.29925537109375,158.9652914615593,151.5214395660685,156.73213888196668,162294600
2022-01-25,156.49705505371094,159.41582185177984,153.79376918824497,155.71348938472497,115798400
2022-01-26,156.40892028808594,161.01234841002858,154.57734716045317,160.14063545703362,108275300
2022-01-27,155.94859313964844,160.4736636918006,155.02790442490624,159.112223875077,121954600
2022-01-28,166.83030700683594,166.8499002604039,159.4550237648548,162.30523687541563,179935700
2022-01-31,171.18885803222656,171.4043389682656,166.02713461119168,166.6637882659515,115541600
2022-02-01,171.02235412597656,171.2476242171807,168.769608378118,170.43467612383174,86213900
2022-02-02,172.22706604003906,172.26625254169926,169.7686436179964,171.15946552150538,84914300
2022-02-03,169.34750366210938,172.61888970067017,168.5835311300311,170.8950419808838,89418100
2022-02-04,169.06309509277344,170.74010088602927,167.3860892995176,168.3667905913057,82465400
2022-02-07,168.34716796875,170.59296708423147,167.65086354740316,169.52400639061884,77251200
2022-02-08,171.45602416992188,171.96599307785382,168.12163049721661,168.4158439042664,74829200
2022-02-09,172.87803649902344,173.2408912177467,171.524663818335,172.65247937368048,71285000
2022-02-10,168.7982940673828,172.09345086021537,168.23930213729957,170.77931477893978,90865900
2022-02-11,165.3854522705078,169.73976805864703,164.7970255558841,169.00424214752385,98670700
2022-02-14,165.62083435058594,166.30732224292808,163.34560023389338,164.13996586391173,86185500
2022-02-15,169.4553985595703,169.61231438448638,166.96442343737377,167.67052968517936,62527400
2022-02-16,169.22000122070312,169.994748612644,166.76824813134002,168.53351334854412,61177400
2022-02-17,165.62083435058594,168.5923579851135,165.2187432406735,167.72933608370406,69589300
2022-02-18,164.0713348388672,167.24879755806595,162.98275576839345,166.54270637048876,82772700
2022-02-22,161.1488494873047,163.4731068473456,159.02071443579257,161.79610099125685,91162800
2022-02-23,156.98085021972656,162.94350042130728,156.66701864895236,162.34527208329274,90009200
2022-02-24,159.59934997558594,159.70722772731528,149.0666116347653,149.63542023803691,141147500
2022-02-25,161.66860961914062,161.9333881865455,157.76540780776472,160.6780917637284,91974200
2022-02-28,161.93341064453125,162.22762405787608,159.29532147992174,159.9131681515143,95056600
2022-03-01,160.0504608154297,163.38485445669167,158.84420231864755,161.5215128724912,83474400
2022-03-02,163.34561157226562,164.13017563125035,159.80527916281847,161.21749147612806,79724800
2022-03-03,163.02197265625,165.65025991761865,162.35510295615475,165.21874895199736,76678400
2022-03-04,160.02105712890625,162.3551314170317,158.97171433702658,161.31559025270195,83737200
2022-03-07,156.22569274902344,161.83530440068967,155.97070087847666,160.2073369360896,96418800
2022-03-08,154.40159606933594,159.73661287922712,152.79324673379338,155.754968485403,131148300
2022-03-09,159.80528259277344,160.2564117997747,156.33360638496927,158.36365040568722,91454900
2022-03-10,155.46075439453125,157.29466080253508,152.96976503092125,157.1083251850628,105342000
2022-03-11,151.743896484375,156.20609005481433,151.51833939243923,155.8628386400447,96970100
2022-03-14,147.71322631835938,151.1456808985897,147.20327241217439,148.527210200246,108732100
2022-03-15,152.0970001220703,152.56774764138217,147.47790419174856,147.98785822452587,92964300
2022-03-16,156.5100860595703,156.91217710483616,151.4790995568782,154.019111832328,102300200
2022-03-17,157.52020263671875,157.89287383559343,154.5879159855024,155.54899885362505,75615400
2022-03-18,160.81539916992188,161.30574983268542,156.67683837905244,157.41236437319773,123511700
2022-03-21,162.1884002685547,163.13968181166422,159.8641278042269,160.35447849802293,95811400
2022-03-22,165.56198120117188,166.15039293346567,161.72743597716038,162.31584770945418,81532000
2022-03-23,166.9251708984375,169.30826781804822,164.41456305995604,164.74801286692667,98062700
2022-03-24,170.710693359375,170.77933467330854,166.92518550141648,167.75877268098228,90131400
2022-03-25,171.34812927246094,171.89731959636083,169.4161465488256,170.52434378661113,80546200
2022-03-28,172.21115112304688,172.33863211398676,168.68062052174977,168.84733794398963,90371900
2022-03-29,175.5063018798828,175.55532497081904,172.93685443507036,173.28010585750482,100589400
2022-03-30,174.33926391601562,176.14375060919454,173.28990640459241,175.1042096873483,92633200
2022-03-31,171.24024963378906,174.59424618696573,171.0342957824536,174.40791055107027,103049300
2022-04-01,170.946044921875,171.5050518578882,168.62178757896973,170.67144974905557,78751300
2022-04-04,174.99632263183594,175.04536068416874,171.0735178742133,171.20101381741605,76468400
2022-04-05,171.68157958984375,174.85905741860927,171.0539313110609,174.07449332905188,73401800
2022-04-06,168.51390075683594,170.27916603294383,166.8467115933005,169.0336712319797,89058800
2022-04-07,168.81790161132812,170.01435825576067,166.57210247899573,167.8568186387604,77594700
2022-04-08,166.80746459960938,168.46485203266047,165.93464112451483,168.46485203266047,76575500
2022-04-11,162.55123901367188,165.76793805160875,162.306063690876,165.4541214198734,72246700
2022-04-12,164.4243927001953,166.59173431379904,163.42407312851623,164.77744578641645,79265200
2022-04-13,167.1114959716797,167.73914420674996,163.55156041909547,164.1595904381064,70618900
2022-04-14,162.10012817382812,167.96473333287506,161.85495282329552,167.32726844290085,75329400
2022-04-18,161.8843536376953,163.3848252707186,160.41330184341265,160.75653828349098,69023900
2022-04-19,164.16937255859375,164.58128022532864,160.74673499644868,161.8353139115337,67723800
2022-04-20,164.00267028808594,165.62083637298807,162.89448802131358,165.50314204406817,67929800
2022-04-21,163.2083282470703,168.21971309344158,162.7081759108626,165.6502801659303,87227800
2022-04-22,158.6676483154297,164.63031369845396,158.38325153783305,163.2475363117759,84882400
2022-04-25,159.7366180419922,160.0210148088947,155.40192048493418,158.01057433340998,96046400
2022-04-26,153.77394104003906,159.20701874643933,153.69548315348126,159.1187592356787,95623200
2022-04-27,153.54843139648438,156.70627626102967,152.38139429047249,152.90116485569044,88063200
2022-04-28,160.48196411132812,161.3449860653006,155.862854289535,156.17668589618484,130216800
2022-04-29,154.60752868652344,162.9925264237418,154.21525421637187,158.71666885611762,131747600
2022-05-02,154.9115753173828,155.17635387935172,150.31208408187865,153.68569876055605,123055300
2022-05-03,156.40223693847656,157.60851029484962,153.30323224685807,155.09790243206862,88966500
2022-05-04,162.81605529785156,163.26716957480116,156.1865040661354,156.58859524312854,108256500
2022-05-05,153.7445526123047,160.91347698312873,151.9596689981739,160.68791986588977,130525300
2022-05-06,154.4713134765625,156.59274408051633,151.42666686979732,153.223988771511,116124600
2022-05-09,149.3445281982422,153.04720818256274,148.78471498335946,152.16327128379606,131577900
2022-05-10,151.75079345703125,153.9409814618481,150.19900690567323,152.74276671948687,115366700
2022-05-11,143.8838348388672,152.67400468671187,143.20615431110124,150.75883036017825,142689800
2022-05-12,140.01422119140625,143.5892190057079,136.32137108215858,140.22047769386583,182602000
2022-05-13,144.48294067382812,145.45526685384394,140.55437184575726,142.00793811597927,113990900
2022-05-16,142.94097900390625,144.88563148350204,141.6052649207857,142.95081001781338,86643800
2022-05-17,146.5749053955078,147.0954395557584,144.06060880808,146.2016865687997,78336300
2022-05-18,138.30528259277344,144.72848648816108,137.40169851030006,144.22759932213285,109742900
2022-05-19,134.89723205566406,139.13026237954173,134.160625433561,137.38205052865445,136095600
2022-05-20,135.13291931152344,138.18738164689086,130.24185616207308,136.60613236743123,137426100
2022-05-23,140.55438232421875,140.7016976717336,135.19187888015,135.32937819993117,117726300
2022-05-24,137.85350036621094,139.4347501436659,134.8776102549607,138.2954614249139,104132700
2022-05-25,138.0106658935547,139.25797605670064,135.86958748794973,135.9579767146977,92482700
2022-05-26,141.21241760253906,141.7624148884754,134.69099338044722,134.93652895354754,90601500
2022-05-27,146.9677276611328,147.0070067469963,142.66594092364804,142.79362417872514,90978500
2022-05-31,146.18203735351562,147.9695433008326,144.2177530085784,146.40794084331958,103718400
2022-06-01,146.05438232421875,149.0302721781197,145.04276200731988,147.2231190270911,74286600
2022-06-02,148.50975036621094,148.56867650901708,144.237425177131,145.19010444930467,72348100
2022-06-03,142.78382873535156,145.32757327458623,141.8802597672709,144.27667399411106,88570300
2022-06-06,143.53025817871094,145.91687147884687,142.31239647541148,144.40436412307008,71598400
2022-06-07,146.05438232421875,146.33919698612507,141.52670589855168,141.77224146396463,67808200
2022-06-08,145.31777954101562,147.1936599216941,144.8267083969664,145.92670296402,53950200
2022-06-09,140.0927734375,145.3079465173713,139.98473718785118,144.45348753415902,69473000
2022-06-10,134.68121337890625,138.24638066329533,134.6124562066211,137.77495643300455,91437900
2022-06-13,129.52490234375,132.78560625742455,129.0927574306163,130.49721341200203,122207100
2022-06-14,130.38919067382812,131.49901613498997,129.1320498799016,130.75259347181498,84784300
2022-06-15,133.0115203857422,134.8874157174927,129.79992595411264,131.89187879778933,91533000
2022-06-16,127.73738861083984,130.02578131377922,126.73559955515913,129.72131968565517,108123900
2022-06-17,129.2106475830078,130.70350817907268,127.49189843838613,127.74726504539257,134520300
2022-06-21,133.4436492919922,134.61240084976376,130.93919879539584,131.0374040187389,81000500
2022-06-22,132.93295288085938,135.29990419534238,131.51866571381353,132.38294065988546,73409200
2022-06-23,135.8008270263672,136.11510478571114,133.20797181999205,134.37672361512418,72433800
2022-06-24,139.13031005859375,139.37584568343823,137.27406133422164,137.4017296684532,89116800
2022-06-27,139.13031005859375,140.92763263081204,138.45262933621413,140.15173166397253,70207900
2022-06-28,134.98562622070312,140.85883237422544,134.86777395244602,139.59187553155968,67083400
2022-06-29,136.7436981201172,138.15798573903822,134.22941568039332,135.00531665930674,66242400
2022-06-30,134.27847290039062,135.89900141660408,131.38115662088498,134.79900702917675,98964500
2022-07-01,136.448974609375,136.55701082387264,133.23738120678476,133.61058495898823,71051600
2022-07-05,139.03201293945312,139.08112303452873,134.48469088605682,135.30970151895488,73353800
2022-07-06,140.36776733398438,141.54633502633234,138.56062920663072,138.82581180795694,74064300
2022-07-07,143.73654174804688,143.93296722465507,140.72135748073458,140.73117350935885,66253700
2022-07-08,144.4141845703125,144.91508669074653,142.41062104747897,142.66597262808202,64547800
2022-07-11,142.28289794921875,144.0212933779238,141.21236683210466,143.0686144979095,63141600
2022-07-12,143.2552490234375,145.7989934962315,142.45971631070495,143.15702881773996,77588800
2022-07-13,142.89187622070312,143.83472435454556,139.58204676627264,140.43652068379964,71185600
2022-07-14,145.81863403320312,146.29005802967413,140.6918512393976,141.50703095418416,78140700
2022-07-15,147.48829650878906,148.16597704358819,145.55347512166446,147.1052616395071,76259900
2022-07-18,144.4437255859375,148.86336747596468,144.080322617624,148.04818728455834,81420900
2022-07-19,148.30349731445312,148.52938586254203,144.28653863291348,145.27849702782842,82982400
2022-07-20,150.30702209472656,150.97488652317665,147.6847044563416,148.42131103969578,64823400
2022-07-21,152.5758056640625,152.79187815956976,149.2266969700013,151.7409787508479,65086600
2022-07-22,151.33828735351562,153.48918116011728,150.67043785379852,152.61507520531072,66675400
2022-07-25,150.21865844726562,152.27133221190695,149.56062491925485,151.2597268643066,53623900
2022-07-26,148.89279174804688,150.35617431230574,148.1070748417966,149.54099433337262,55138700
2022-07-27,153.9900360107422,154.52040107764333,149.4427287879426,149.85522662536712,78620700
2022-07-28,154.54006958007812,154.82488420275592,151.65256933071927,154.17666680263463,81378700
2022-07-29,159.60794067382812,160.70795024668809,156.6516977293032,158.3606307359644,101786900
2022-08-01,158.6258087158203,160.66866664290342,158.01688524229766,158.13473753103025,67829400
2022-08-02,157.15255737304688,159.50970748502837,156.77935355303202,157.24096155464215,59907000
2022-08-03,163.16329956054688,163.61507661089456,157.87936937014717,157.96775857743674,82507500
2022-08-04,162.84901428222656,164.20437546779837,161.49365309665475,163.0454397472784,55474100
2022-08-05,162.62277221679688,163.114525365312,160.31152641592973,160.51806934143676,56697000
2022-08-08,162.1506805419922,165.04219149479044,161.49173311508682,163.62594000712474,60276900
2022-08-09,162.1999053955078,163.0850703328182,160.55745118727944,161.31475546531706,63135500
2022-08-10,166.44862365722656,166.54696529007254,164.14720734331007,164.91434111224348,70170500
2022-08-11,165.7110137939453,168.1697800173322,165.41595884571527,167.25511117853088,57149200
2022-08-12,169.26144409179688,169.3302817306664,166.60596501556313,167.0190508772423,68039400
2022-08-15,170.33349609375,170.53019439574174,168.52384770403629,168.6910420110852,54091700
2022-08-16,170.17613220214844,170.84492444042124,168.82873307006977,169.93025557179138,56377100
2022-08-17,171.67105102539062,173.24465231523857,169.72371248841205,169.9204107737534,79542000
2022-08-18,171.2776641845703,172.01529411647135,170.26465361199578,170.88426755707084,62290100
2022-08-19,168.69102478027344,170.87441022573427,168.48448182965225,170.1761140668042,70346300
2022-08-22,164.80616760253906,167.05839055907853,164.38325206492678,166.89119627908354,69026800
2022-08-23,164.4717559814453,165.92735612503327,163.90132052092278,164.32423603782541,54147100
2022-08-24,164.766845703125,165.33728128422243,163.5079585610888,164.5603177384026,53841500
2022-08-25,167.22560119628906,167.33378750652878,165.57331755675585,165.9962181286182,51218200
2022-08-26,160.92135620117188,168.22881854744674,160.8623482022366,167.75673954884368,78961000
2022-08-29,158.71829223632812,160.2132113909233,157.18402441564837,158.4920749241394,73314000
2022-08-30,156.28900146484375,159.87879372642644,155.11862647886383,159.4558931891013,77906200
2022-08-31,154.62689208984375,157.93147450788678,154.54820976951913,157.665923552681,87991100
2022-09-01,155.3546905517578,155.8070951296429,152.11894582091065,154.05645479166745,74229900
2022-09-02,153.24014282226562,157.71510032446895,152.41400097767612,157.11516076913463,76957800
2022-09-06,151.9812469482422,154.4990209999667,151.15510515135455,153.88925181756636,73714800
2022-09-07,153.3876953125,154.08597659166026,151.0764488090942,152.2664983933652,87449600
2022-09-08,151.91244506835938,153.78110171657892,150.16178940975541,152.08946906346367,84923800
2022-09-09,154.7744140625,155.21700399593914,152.19763181879884,152.9057577037595,68028800
2022-09-12,160.73443603515625,161.55074810883656,156.6725650029193,156.9577752421011,104956000
2022-09-13,151.3026123046875,157.89210180568796,150.84036312260494,157.2626583460396,122656600
2022-09-14,152.74838256835938,154.50886749732993,151.07642462426648,152.23695501832623,87965400
2022-09-15,149.8568572998047,152.67953072071606,148.8831956207659,152.09925057054045,90481100
2022-09-16,148.2144012451172,148.85368936524756,145.92282969048466,148.71599907903905,162278800
2022-09-19,151.93206787109375,152.0107501857091,146.64081352548533,146.84734147012324,81474200
2022-09-20,154.31216430664062,155.4727097837978,150.5551772691551,150.86989154639073,107689800
2022-09-21,151.18463134765625,156.12183853779936,151.06661536137307,154.74492033364538,101696800
2022-09-22,150.22079467773438,151.92225679396847,148.42097590441998,149.86673172221157,86652500
2022-09-23,147.9488983154297,148.97175363651883,146.1097456802274,148.69637297479187,96029900
2022-09-26,148.2832794189453,151.2337989231627,147.1719122700789,147.19158660210013,93339400
2022-09-27,149.25694274902344,152.16812862553914,147.47679836474876,150.22078993520137,84442700
2022-09-28,147.36863708496094,148.15544542907958,142.45110369312064,145.2049253939754,146691400
2022-09-29,140.12997436523438,144.30004650786495,138.35966001189522,143.6902774000374,128138200
2022-09-30,135.92059326171875,140.739784043771,135.72389496609006,138.9497950371784,124925300
2022-10-03,140.10049438476562,140.71027860420344,135.41900896557823,135.93043653465315,114311700
2022-10-04,143.6903076171875,143.80832359652302,141.88064422703837,142.6379484443843,87830100
2022-10-05,143.98533630371094,144.94918341662517,140.65125008419213,141.69377951288206,79471000
2022-10-06,143.03135681152344,145.1065563258667,142.82482883069895,143.40509411965112,68402200
2022-10-07,137.77943420410156,140.7397986362367,137.14999058855568,140.18902234140444,85925600
2022-10-10,138.10397338867188,139.5497290653031,136.28449546728626,138.10397338867188,74899000
2022-10-11,136.687744140625,139.01866500579177,135.9402845213117,137.5925684188842,77033700
2022-10-12,136.0582733154297,138.04496046792565,135.88124936484056,136.8352517842159,70433700
2022-10-13,140.63160705566406,141.22170198168052,132.1537703856876,132.76355465182596,113224000
2022-10-14,136.09762573242188,142.1363546632189,135.9107571080086,141.92981170804703,88598000
2022-10-17,140.06117248535156,140.54308109407378,137.9564690521345,138.74327729972723,85250900
2022-10-18,141.37905883789062,144.2804000004446,138.2908490399077,143.0903655439518,99136600
2022-10-19,141.4872283935547,142.5592467457927,139.1661527370201,139.35302135031444,61758300
2022-10-20,141.02500915527344,143.48377562705596,140.29720887706276,140.6611165197279,64522000
2022-10-21,144.8410186767578,145.4114542957378,140.29720805857093,140.51358070739505,86548600
2022-10-24,146.9850311279297,147.75216493318766,143.5919369881937,144.76231202642796,75981900
2022-10-25,149.82737731933594,149.97491229930705,146.89653213741997,147.6144876838341,74732300
2022-10-26,146.88668823242188,149.48314455270017,145.59828223025528,148.47013415168624,88194300
2022-10-27,142.4117431640625,146.5916457586151,141.75279561471663,145.62781359762897,109180200
2022-10-28,153.17132568359375,154.9022919241191,145.38195509054958,145.75567739955667,164762400
2022-10-31,150.81089782714844,151.6960627678098,149.41432026169932,150.63387384328797,97943200
2022-11-01,148.16526794433594,152.88610277414685,146.67034867047332,152.52221012298716,80379300
2022-11-02,142.637939453125,149.66017491618842,142.60843546015093,146.49328294195223,93604600
2022-11-03,136.58937072753906,140.44471393264007,136.4615100959827,139.71691380956625,97918500
2022-11-04,136.32337951660156,140.5496142487395,132.3828281448323,139.97823249599168,140814800
2022-11-07,136.8553466796875,137.08192417351185,133.65364870551915,135.07224959765693,83374600
2022-11-08,137.42677307128906,139.32808250128076,135.44665078479818,138.32325240295035,89908500
2022-11-09,132.86553955078125,136.49085472450093,132.5897021500865,136.44159482466026,74917800
2022-11-10,144.6871795654297,144.6871795654297,137.4267190059668,139.14086413842483,118854000
2022-11-11,147.47515869140625,147.7805490726991,142.2243712372686,143.6528333928847,93979700
2022-11-14,146.07626342773438,148.04653945457946,145.23889010351994,146.75601106211803,73374100
2022-11-15,147.81008911132812,151.3073317859871,146.35208917690562,149.9576976256643,89868300
2022-11-16,146.5786590576172,147.642609775535,145.100952232511,146.91361736230309,64218300
2022-11-17,148.47999572753906,149.22869517163417,143.9779079987764,144.25374542723313,80389400
2022-11-18,149.04150390625,150.43055193083845,147.74112971557977,150.04634875723008,74829600
2022-11-21,145.81027221679688,148.1351985339266,145.52458880647748,147.928327968664,58724100
2022-11-22,147.94801330566406,148.1844518302865,144.7463148991296,145.92849249022925,51804100
2022-11-23,148.8248291015625,149.57352869191362,147.12052926108166,147.22889506000232,58301400
2022-11-25,145.90879821777344,146.66735873059727,144.93350612985708,146.1058228227629,35195900
2022-11-28,142.07659912109375,144.46063120272478,141.24908683464577,142.9829242489195,69246000
2022-11-29,139.07192993164062,142.65783165746328,138.2641245866872,142.14555568748492,83763800
2022-11-30,145.82997131347656,146.50971891238402,138.4611435666205,139.29850181511986,111380900
2022-12-01,146.10581970214844,146.91364010696918,144.4310880474874,146.00731491776455,71250400
2022-12-02,145.6132354736328,145.80041408602733,143.48533393064037,143.79073931676461,65447400
2022-12-05,144.45077514648438,148.67701012513257,143.60355595085647,145.5738317516645,68826400
2022-12-06,140.78607177734375,145.11082689130228,139.81077976944414,144.8842493657544,64727200
2022-12-07,138.84536743164062,141.2392458201791,137.9193352044314,140.07679006739448,69721100
2022-12-08,140.52993774414062,141.38701807504808,139.00298578220685,140.24425432184734,62128300
2022-12-09,140.04721069335938,143.40653461732074,138.80592729031733,140.22452830407295,76097000
2022-12-12,142.34255981445312,142.35240578049246,138.96352949381463,140.57915481281114,70462700
2022-12-13,143.3080291748047,147.7411502710795,142.0963136174533,147.27813419846305,93886200
2022-12-14,141.08160400390625,144.48032672192886,139.06206832067184,143.18979848966035,82291200
2022-12-15,134.47132873535156,139.69256282085553,134.00831270124763,139.01281523751095,98931900
2022-12-16,132.5109100341797,135.60424282446493,131.74250357896327,134.6585187405124,160156900
2022-12-19,130.40272521972656,133.19066784085936,129.36834224245627,133.1020090197244,79592600
2022-12-20,130.33377075195312,131.26964891983806,127.95958437581338,129.43729149310985,77432800
2022-12-21,133.4369354248047,134.7767236692483,130.77706590433928,131.003643429146,85928000
2022-12-22,130.26478576660156,132.56015897362735,128.36347675529532,132.35328842388512,77852100
2022-12-23,129.90028381347656,130.45195863115794,127.71327647766012,128.97425178436364,63814900
2022-12-27,128.09750366210938,129.45699902617415,126.80697517918489,129.42744608626094,69007800
2022-12-28,124.16679382324219,129.08263031505834,123.99932216789122,127.7428420402377,85438400
2022-12-29,127.68372344970703,128.54078860997595,125.83166690884427,126.08779735057679,75703700
2022-12-30,127.99899291992188,128.0186998919332,125.53615505504578,126.50159375139556,77034200
2023-01-03,123.21119689941406,128.9545451464431,122.32457128587431,128.3437644584535,112117500
2023-01-04,124.48202514648438,126.74784531380757,123.22104984209798,125.00414702883133,89113600
2023-01-05,123.16194152832031,125.87107085400619,122.90581107632524,125.24058317585433,80962700
2023-01-06,127.69354248046875,128.3535829284776,123.03384541890902,124.13720233671799,87754700
2023-01-09,128.21571350097656,131.4272732222333,127.95958301489433,128.53096489801374,70790800
2023-01-10,128.78709411621094,129.30921608440133,126.21588318349379,128.32407802637962,63896200
2023-01-11,131.50607299804688,131.52576493439358,128.52110615216108,129.29935853420528,69458900
2023-01-12,131.42727661132812,132.26463497127472,129.4865533653131,131.89029271765745,71379600
2023-01-13,132.75717163085938,132.9147972949888,129.70325330640753,130.0677495016975,57809700
2023-01-17,133.91966247558594,135.24958975985854,132.1365650960417,132.82615869144374,63646600
2023-01-18,133.20053100585938,136.54999458059902,133.02319832869463,134.78660397065414,69672800
2023-01-19,133.2595977783203,134.2250286377242,131.78189104102427,132.08728136161048,58280400
2023-01-20,135.82095336914062,135.96873306889344,132.22520615532028,133.26944989272516,80223600
2023-01-23,139.01280212402344,141.1899633789221,135.85050302260262,136.06723455139834,81760300
2023-01-24,140.41172790527344,141.03236969957698,138.21487421828232,138.22472018745663,66435100
2023-01-25,139.7516632080078,140.3131839948148,136.7469896041819,138.7960782416761,65799300
2023-01-26,141.82049560546875,142.10617905673,139.79109837644856,141.0422280440059,54105100
2023-01-27,143.7611846923828,145.04186713056833,140.95355034191297,141.03236318771044,70555800
2023-01-30,140.87472534179688,143.38683009380475,140.7269606636837,142.8056023172103,64015300
2023-01-31,142.1455535888672,142.19481349464007,140.16543164570373,140.57918779657314,65874500
2023-02-01,143.26858520507812,144.43105564330162,139.21968321658196,141.83029241325445,77663600
2023-02-02,148.5785369873047,148.93317227622254,145.96791197621397,146.6870585876551,118339000
2023-02-03,152.2038116455078,155.04101372137666,145.6329433931969,145.82996797468513,154357300
2023-02-06,149.47499084472656,150.82464018350336,148.5391127115985,150.3025182240104,69858300
2023-02-07,152.35159301757812,152.92297488891165,148.40119485902974,148.40119485902974,83322600
2023-02-08,149.6621551513672,152.28262569889247,148.9233016908853,151.5930321421785,64120100
2023-02-09,148.6277618408203,152.0363458567265,148.18445275739066,151.49451696275133,56007100
2023-02-10,148.99282836914062,149.31842209117474,147.226745512614,147.46354505272012,57450700
2023-02-13,151.794921875,152.19943377089027,148.90405214554428,148.9336502097566,62199000
2023-02-14,151.153564453125,151.71595766811416,148.8448255867729,150.08798919443248,61707600
2023-02-15,153.25511169433594,153.4228390365263,150.83784167870803,151.06476513520522,65573800
2023-02-16,151.65676879882812,154.24176636818623,151.3015770289575,151.4594283283723,68167900
2023-02-17,150.5122528076172,150.95623873407766,148.83496427712012,150.314927401964,59144100
2023-02-21,146.49659729003906,149.27893490600394,146.42754017987073,148.19362270368532,58867200
2023-02-22,146.92088317871094,147.94698436963745,145.19425945136115,146.88140906273446,51011300
2023-02-23,147.40431213378906,148.33175804369702,145.27317680704334,148.0850975380816,48394200
2023-02-24,144.75025939941406,145.22384336023686,143.77347836618958,145.14491019093927,55469600
2023-02-27,145.94407653808594,147.17737898488724,145.4803536136917,145.73689015780175,44998500
2023-02-28,145.44093322753906,147.08862392793702,144.86867893348426,145.085741426228,50547000
2023-03-01,143.36895751953125,145.26330849706878,143.0729618860178,144.86865768902635,55479000
2023-03-02,143.96096801757812,144.7502847940671,141.97780754659183,142.4514066454644,52238100
2023-03-03,149.0125732421875,149.09150642636217,145.36200004016092,146.06250758539213,70732300
2023-03-06,151.77516174316406,154.21216902598104,151.41010897005816,151.7356876269036,87558000
2023-03-07,149.57493591308594,151.9724687898397,149.11121296034582,151.64687511738626,56182000
2023-03-08,150.8280029296875,151.41999432910836,149.80190156632023,150.76880680073876,47204800
2023-03-09,148.5784454345703,152.47567911750554,148.2232536400137,151.5087739759212,53833600
2023-03-10,146.51634216308594,148.92375113671451,145.63823135434072,148.20350666672326,68572400
2023-03-13,148.4600372314453,151.09436981836478,145.72703441304543,145.83556564568843,84457100
2023-03-14,150.5517120361328,151.35088971565344,148.09498288130473,149.25921331444258,73695900
2023-03-15,150.9463653564453,151.20288685726504,147.9173671829065,149.1704067412566,77167900
2023-03-16,153.76815795898438,154.3700101664544,149.6143886164517,150.1274466592856,76161100
2023-03-17,152.9295196533203,154.64628226147335,152.21913616408204,153.99509488717774,98944600
2023-03-20,155.29745483398438,155.7118577491849,152.0908681263484,152.99859207349292,73641400
2023-03-21,157.15234375,157.2707359778321,154.44893912645242,155.21853377224946,73938300
2023-03-22,155.7217254638672,159.97415053377057,155.7019884063488,157.17209056471103,75701800
2023-03-23,156.80702209472656,159.39203464017027,155.57371946683134,156.70836691747317,67622100
2023-03-24,158.10935974121094,158.1981538963619,155.74142527409106,156.73792814347,59196500
2023-03-27,156.1656951904297,158.62243920020293,155.76116835559435,157.80352453027854,52390300
2023-03-28,155.5441131591797,156.3729039229444,153.8964227422894,155.85984584155918,45992200
2023-03-29,158.6224365234375,158.89869507550165,157.22140670798015,157.24112870815475,51305700
2023-03-30,160.19119262695312,160.29972384705454,159.11575648092384,159.3722779761809,49501700
2023-03-31,162.69728088378906,162.79595111857384,159.74723055627194,160.27014967971024,68749800
2023-04-03,163.95033264160156,164.06872488806627,162.0263833617239,162.07571848273926,56976200
2023-04-04,163.4175262451172,164.6113546852389,162.90446816785285,164.37457023031905,46278300
2023-04-05,161.57249450683594,162.84527116493152,159.6386845457234,162.53941454235493,51511700
2023-04-06,162.4604949951172,162.75649064193277,159.83602334429725,160.26027222926052,45390100
2023-04-10,159.86561584472656,159.86561584472656,157.94166678976978,159.26376357061562,47716900
2023-04-11,158.652099609375,160.19125933175843,158.36596488497636,160.18139832762915,47644200
2023-04-12,157.96139526367188,159.8952052146149,157.64566258721274,159.0664295213536,50133100
2023-04-13,163.34848022460938,163.58527977239888,159.26378211877287,159.47098360495934,68445600
2023-04-14,163.00315856933594,164.0983319737809,161.63172656331614,162.39143019016473,49386500
2023-04-17,163.02288818359375,163.18075455042484,161.83892054229136,162.8847588763579,41516200
2023-04-18,164.24630737304688,165.1737533320214,163.4372536454433,163.88125462301093,49923000
2023-04-19,165.3908233642578,165.91374248336922,163.32872989204589,163.58526647837797,47720200
2023-04-20,164.42391967773438,165.6276243886042,163.3484832728481,163.87140244421354,52456400
2023-04-21,162.81570434570312,164.22659550246317,162.2927851703339,162.84530240808513,58337300
2023-04-24,163.12155151367188,163.387949114539,161.70078438233358,162.79595779149312,41949600
2023-04-25,161.5823974609375,164.08846202710322,161.54292334211996,162.98342757965568,48714100
2023-04-26,161.57249450683594,163.07219461797823,160.6253265824028,160.8818480921529,45498800
2023-04-27,166.16041564941406,166.30840595665688,162.98342657757053,162.98342657757053,64902300
2023-04-28,167.41343688964844,167.58117930762924,165.63749302008387,166.23934534853646,55275900
2023-05-01,167.32461547851562,168.17312821243692,166.38730857655852,167.01875886308395,52472900
2023-05-02,166.28863525390625,168.07446991146244,165.30199325866423,167.8179333575238,48425700
2023-05-03,165.21322631835938,168.63687581044152,164.92710671677185,167.23584575291258,65136000
2023-05-04,163.57537841796875,164.8086809772467,162.11515240317325,162.68740659727376,81235400
2023-05-05,171.25148010253906,171.97172463520235,168.4790030974248,168.6960655683585,113453200
2023-05-08,171.18243408203125,171.52776489899594,169.81100192703093,170.1760547498472,55962800
2023-05-09,169.4755096435547,171.22185523763014,169.30778230115573,170.73841026688106,45326900
2023-05-10,171.24159240722656,171.70531537679722,169.60376298512443,170.70881232248743,53724500
2023-05-11,171.42906188964844,172.25783762602444,169.87016559220018,171.5277321199156,49514700
2023-05-12,170.50033569335938,171.97245613352067,168.94915782664347,171.5377307421917,45533100
2023-05-15,170.00637817382812,171.13270559351218,169.41356792102977,171.0833022264805,37266700
2023-05-16,170.00637817382812,171.0635378645096,169.73961205248978,169.9273358017356,42110300
2023-05-17,170.61892700195312,170.85603902755463,168.37614694646877,169.65068438723694,57951600
2023-05-18,172.95059204101562,173.13831574371522,170.51021405749552,170.92517510124802,65496700
2023-05-19,173.0592803955078,174.27452457823847,172.84191768629904,174.27452457823847,55809500
2023-05-22,172.1107940673828,172.61468722054929,171.3697889134683,171.89343134950482,43570900
2023-05-23,169.50244140625,171.300620989034,169.22580071286586,171.05361929309908,50747300
2023-05-24,169.7790985107422,170.35214430979713,168.4749372695529,169.03809335131075,45143500
2023-05-25,170.91529846191406,171.81437317497037,169.63088663153601,170.34225271987503,56058300
2023-05-26,173.32603454589844,173.6619683326656,171.03386649216068,171.24135456411133,54835000
2023-05-30,175.17361450195312,176.84334846181008,174.45237373510062,174.8376957969301,55964400
2023-05-31,175.1241912841797,177.1990114284393,174.64006256364283,175.20323363094815,99625300
2023-06-01,177.9301300048828,177.95976900098933,174.8080250915144,175.5687945017499,68901800
2023-06-02,178.7798309326172,179.5998784017098,177.11009699591673,178.8588732872537,61996900
2023-06-05,177.42628479003906,182.731877134779,175.90474568833295,180.43970891607717,121946500
2023-06-06,177.06069946289062,177.95977416384898,175.30203354675976,177.81157917901706,64848400
2023-06-07,175.6873779296875,179.03672040758232,175.19337452542106,176.29993732672585,61944600
2023-06-08,178.40440368652344,178.67115468077665,175.3317017878174,175.76641213704826,50214900
2023-06-09,178.7897186279297,180.04447641965535,178.46367457216073,179.3232356709596,48900000
2023-06-12,181.5857696533203,181.68457636718009,178.79959821677159,179.09600328256303,54274900
2023-06-13,181.1115264892578,181.94144859403625,180.2519653861507,180.6076484418825,54929100
2023-06-14,181.74383544921875,182.1785608236948,179.83698969165084,181.17078973520816,57462900
2023-06-15,183.77915954589844,184.28305271752754,181.5759083620863,181.75375744495216,65433200
2023-06-16,182.70220947265625,184.74739071591918,182.06001110467366,184.4904993080967,101256200
2023-06-20,182.79110717773438,183.86804589731415,182.19831222578372,182.19831222578372,49799100
2023-06-21,181.75375366210938,183.18636063386023,180.40017397466633,182.68246747271866,49515700
2023-06-22,184.75726318359375,184.8066665365007,181.46719888037438,181.53636658960147,51245300
2023-06-23,184.44110107421875,185.31055187722217,182.79113153727351,183.3246636484937,53117000
2023-06-26,183.0480194091797,185.79467703737228,183.0084906957425,184.5893075659166,48088700
2023-06-27,185.80458068847656,186.13062478419894,183.4432447307805,183.6606074612621,50730800
2023-06-28,186.98031616210938,187.62251465229744,185.35011071729988,185.67613974563,51216800
2023-06-29,187.31617736816406,187.79043141526822,186.67397907524835,186.8122994033741,46347300
2023-06-30,191.64369201660156,192.14757008838143,188.96618679019105,189.33175958026345,85213200
2023-07-03,190.1518096923828,191.5547776450248,189.46019281962833,191.45597092726317,31458200
2023-07-05,189.03533935546875,190.66554451499093,188.33384790710164,189.27246641036476,46920300
2023-07-06,189.50958251953125,189.7170705815605,186.9308841600135,187.56320791106293,45094300
2023-07-07,188.39312744140625,190.35926638037827,187.95841711755844,189.11438325252212,46815000
2023-07-10,186.34796142578125,187.71141562141005,184.79678352776446,186.9901598095207,59922200
2023-07-11,185.82431030273438,187.02967973700999,184.3620645421884,186.89135939582033,46638100
2023-07-12,187.4940643310547,189.4009103170613,186.20965240962747,187.40513225686783,60750200
2023-07-13,188.2548065185547,188.89701997543003,187.5039267878899,188.21529288043007,41342300
2023-07-14,188.40301513671875,188.88712881002033,187.35573036289856,187.948525384943,41616200
2023-07-17,191.6634521484375,191.9894962144421,189.5095893997432,189.598506397075,50520200
2023-07-18,191.4065399169922,191.9993499863452,190.11225351055063,191.03110761046918,48288200
2023-07-19,192.7601318359375,195.85258285437448,190.3395031262878,190.7841182449009,80507300
2023-07-20,190.81375122070312,194.1136901954007,190.19130213491889,192.7502360363635,59581200
2023-07-21,189.63803100585938,192.63169045749675,188.93653953192955,191.77212935032986,71951700
2023-07-24,190.4383087158203,192.57240699977407,189.94430532096735,191.09039681521514,45377800
2023-07-25,191.2978973388672,192.1080702594407,190.60629550166382,191.01138196195058,37283200
2023-07-26,192.16734313964844,193.2936704090035,191.00150222741644,191.34729559890386,47471900
2023-07-27,190.9026641845703,194.83492680246852,190.24070147552166,193.66908608151945,47460200
2023-07-28,193.4813690185547,194.2717774555962,191.81163515269853,192.33527753863382,48291400
2023-07-31,194.0939483642578,194.13347708185938,192.91821776612247,193.70862628447964,38824100
2023-08-01,193.26400756835938,194.37057034188453,192.93796352063418,193.88645666636083,35175100
2023-08-02,190.2703399658203,192.8391484466102,189.5490992662055,192.70082810591987,50389300
2023-08-03,188.8772430419922,190.06284809201935,188.40300403713854,189.27245477585868,61235200
2023-08-04,179.807373046875,185.13272939460776,179.7382053306166,183.2950360404776,115956800
2023-08-07,176.70501708984375,180.9336848652445,175.2230069327887,179.94567809387448,97576100
2023-08-08,177.6436309814453,178.10799539743132,175.45025461361834,177.5349496271552,67823000
2023-08-09,176.0529327392578,178.76006170176663,174.88707688488682,178.70078370635215,60378500
2023-08-10,175.8355712890625,178.58222898523437,175.47001359754938,177.3274561288203,54686900
2023-08-11,175.8949432373047,176.71609814181758,174.66816996475507,175.42996682009903,52036700
2023-08-14,177.54713439941406,177.77467859210861,175.42004228880285,176.07301094207762,43675600
2023-08-15,175.55856323242188,177.56692432110017,175.1628328578025,176.9733287591711,43622600
2023-08-16,174.68795776367188,176.63694575843348,174.61869664349865,175.24198634047178,46964900
2023-08-17,172.14535522460938,175.61793712814787,171.6308936142582,175.25188574378228,66062900
2023-08-18,172.63011169433594,173.23361029129558,170.12708024206367,170.46345254957686,61172200
2023-08-21,173.96572875976562,174.25264612165492,171.88812158676677,173.20394701107267,46311900
2023-08-22,175.3408966064453,175.78609702554508,174.37134667878323,175.17271045239184,42038900
2023-08-23,179.189453125,179.61487764306722,176.4291981302873,176.61717535249278,52722800
2023-08-24,174.4999542236328,179.16964451815014,174.1338878222112,178.74422007761805,54945800
2023-08-25,176.70620727539062,177.2404448053197,173.9459523611551,175.4893219988908,51449600
2023-08-28,178.2693634033203,178.66509377862053,176.6468447107556,178.17042326142217,43820700
2023-08-29,182.157470703125,182.92915552039761,177.58671984756458,177.78458503986462,53003900
2023-08-30,185.64984130859375,185.84772159478027,182.77087033679462,182.9687355268348,60813900
2023-08-31,185.8675079345703,187.10418431162185,185.4816655087761,185.83782890921285,60794500
2023-09-01,187.4405517578125,187.89564016216337,186.27312153245367,187.47023078000296,45766500
2023-09-05,187.67799377441406,187.9550080601447,185.6102746073009,186.27313129788112,45280000
2023-09-06,180.96035766601562,186.83704535292617,179.5357042757167,186.39182984634905,81755800
2023-09-07,175.6674041748047,176.3104849506932,171.69024870609164,173.31276751432003,112488800
2023-09-08,176.28077697753906,178.3188321743013,175.89493458078306,176.4489782367689,65551300
2023-09-11,177.44818115234375,178.37816399656032,175.44970834431305,178.1506198206809,58953100
2023-09-12,174.42083740234375,178.21001559327632,172.95661681425068,177.57683789873767,90370200
2023-09-13,172.35308837890625,175.41014819975618,172.12552909799857,174.6285604188278,84267900
2023-09-14,173.86680603027344,174.2229694212733,171.72982568427443,172.14534712441645,60895800
2023-09-15,173.14456176757812,174.61868528190746,171.967258666553,174.59889423512476,109259500
2023-09-18,176.072998046875,177.46797231412128,174.29218143934185,174.59887469750015,67257600
2023-09-19,177.16131591796875,177.71534451200176,175.24199179139225,175.62783421196144,51826900
2023-09-20,173.6194610595703,177.78457830053213,173.5304088946865,177.3492658362857,58436200
2023-09-21,172.0760955810547,174.4208443257111,172.00684955191673,172.68949734734272,63149100
2023-09-22,172.92691040039062,175.19250979208792,172.19480770645978,172.8081943086496,56725400
2023-09-25,174.20315551757812,175.08366835534056,172.2937196425223,172.34318970903263,46172700
2023-09-26,170.1270751953125,173.33253018900052,169.83026989319274,172.9565908960506,64588900
2023-09-27,168.61338806152344,171.19556880826096,167.24810767663843,170.78004737841366,66921800
2023-09-28,168.87063598632812,170.19634944676713,165.8333515413796,167.53501945328387,56294400
2023-09-29,169.38507080078125,171.22524557281096,168.52433390834895,170.18643455541363,51861100
2023-10-02,171.8979949951172,172.4421355524603,169.10804618991,169.39496352748424,52164500
2023-10-03,170.5623779296875,171.77927819729268,168.99923247491208,170.42387079713225,49594600
2023-10-04,171.8089599609375,172.3531005247124,169.14763028223018,169.26634637027362,53020300
2023-10-05,173.04563903808594,173.57987653919332,170.83939772477277,171.93756684563112,48527900
2023-10-06,175.59812927246094,176.09279974358,171.33405713065292,171.947458780219,57266700
2023-10-09,177.08213806152344,177.1414961017949,173.92613808717138,174.9253669894116,42390800
2023-10-10,176.48854064941406,177.80436599291428,176.05322819338144,176.20163840129018,43698000
2023-10-11,177.8834991455078,177.93296921037802,175.70695215651745,176.30054764652704,47551100
2023-10-12,178.78382873535156,180.39644439001881,177.13161588848607,178.1506510638416,56743100
2023-10-13,176.94363403320312,179.99079085887703,176.24119532002288,179.4862324115919,51427100
2023-10-16,176.8150634765625,177.17122691846123,174.6286127450996,174.8660600717484,52517000
2023-10-17,175.26174926757812,176.51821654411026,172.93680701299223,174.7670787756051,57549400
2023-10-18,173.96572875976562,175.68718764266174,173.24351401125745,173.7085055181981,54764400
2023-10-19,173.5897979736328,175.94441955236843,173.32267164674883,174.16360253338752,59302900
2023-10-20,171.03729248046875,173.55021220691836,170.79984518424126,173.44138408316581,64244000
2023-10-23,171.156005859375,172.15523490983713,168.1187215150264,169.08828663709707,55980100
2023-10-24,171.59130859375,171.81885280099095,169.62251453312876,171.20546620053886,43816600
2023-10-25,169.27626037597656,171.21536038795298,168.83104482476435,170.04794519039626,57157000
2023-10-26,165.1111297607422,169.55327657792432,163.90413245355498,168.55403244057868,70625300
2023-10-27,166.4269256591797,167.1590433521086,165.05174242645685,165.13089150916355,58499100
2023-10-30,168.474853515625,169.34547832959018,167.0699912633637,167.21840145454993,51131000
2023-10-31,168.94976806640625,169.07837213199355,166.1103491096919,167.54490564738762,44846000
2023-11-01,172.11566162109375,172.37288485640974,168.3066925856151,169.1773175299865,56934900
2023-11-02,175.6772918701172,175.88504503012373,173.58978171760563,173.64913976332178,77334800
2023-11-03,174.76707458496094,174.9352758328065,171.50226149314057,172.38277434389337,79829200
2023-11-06,177.31956481933594,177.517429979593,174.33176617832314,174.49995231934884,63841300
2023-11-07,179.8819580078125,180.4953444952308,177.06233058738,177.2700837090538,70530000
2023-11-08,180.94058227539062,181.4946108426327,179.65443590363796,180.40634475587757,49340300
2023-11-09,180.46568298339844,182.15744752284814,179.87207238589124,181.00982351508927,53763500
2023-11-10,184.65611267089844,184.8245355233408,181.81296804065445,182.2488540012565,66133400
2023-11-13,183.07107543945312,184.2895637344097,182.48659891185952,184.0815368898242,43627500
2023-11-14,185.68638610839844,186.35011603301572,184.55705211313364,185.94394820695575,60108400
2023-11-15,186.2510528564453,187.72711849110286,186.02320887124122,186.09256123667055,53790500
2023-11-16,187.93516540527344,189.173470968727,186.88506958999568,187.79647578680803,54412900
2023-11-17,187.91531372070312,188.59886068457095,186.8057969770521,188.47007209252862,50922700
2023-11-20,189.65887451171875,190.1145776039652,188.10357060538217,188.11347160798348,46505100
2023-11-21,188.85646057128906,189.72823253932046,187.9648865974642,189.61926104331656,38134500
2023-11-22,189.52015686035156,191.12499577436776,189.04465183324163,189.69848069303796,39617700
2023-11-24,188.19271850585938,189.11401054524026,187.47945332619432,189.08429242242372,24048300
2023-11-27,188.01438903808594,188.88616092409407,187.13271615011263,188.14317764380084,40552600
2023-11-28,188.6186981201172,189.29234420962146,187.62805366546104,188.0045033953615,38415400
2023-11-29,187.5983428955078,190.29289712708973,187.202091144525,189.1140277612682,43014200
2023-11-30,188.1728973388672,188.53944603911236,186.42936866830843,188.06392585220516,48794400
2023-12-01,189.45083618164062,189.76783452208102,187.45963130874318,188.54934617033052,45704800
2023-12-04,187.65777587890625,188.2719857330804,185.69630404843608,188.20263336404662,43389500
2023-12-05,191.6104278564453,192.58125508438908,188.40073472916,188.43046796633192,66628400
2023-12-06,190.52073669433594,192.93789631295678,190.3126947209947,192.63079897005184,41089700
2023-12-07,192.4525146484375,193.1756809137271,191.77886851619465,191.8185027618749,47477700
2023-12-08,193.8790283203125,194.15640755182167,191.8581052152776,192.38314555463674,53406400
2023-12-11,191.37269592285156,191.67980841318465,189.6291670567547,191.3033586686724,60943700
2023-12-12,192.8883819580078,192.8982829604503,189.92634969600132,191.27362671385956,52696900
2023-12-13,196.10797119140625,196.1475903161728,193.02706651664724,193.26481149731427,70404200
2023-12-14,196.25657653808594,197.75244424587422,194.32482284497263,196.16742216364264,66831600
2023-12-15,195.7216339111328,196.54385551373443,195.15695931123605,195.68199966761293,128538400
2023-12-18,194.05734252929688,194.7904248709577,192.57137584033416,194.2554683979516,55751900
2023-12-19,195.0975341796875,195.10743518311423,194.05735441052127,194.32483266340077,40714100
2023-12-20,193.00726318359375,195.8305908429342,193.00726318359375,195.05788936850126,52242800
2023-12-21,192.85862731933594,195.236182736706,191.68967428738756,194.26535554386368,46482500
2023-12-22,191.7887420654297,193.58180582555468,191.16463132079943,193.35394675355903,37149600
2023-12-26,191.243896484375,192.0760341178965,191.02595351616222,191.79865490672267,28919300
2023-12-27,191.3429718017578,191.6897034098951,189.3022466284661,190.68915794498034,48087700
2023-12-28,191.76893615722656,192.83883387512188,191.3627683436117,192.32369457775746,34049900
2023-12-29,190.728759765625,192.58125990446206,189.9362412446781,192.08593771837442,42672100
2024-01-02,183.9032440185547,186.67705163638013,182.16961614691823,185.3991117688797,82488700
2024-01-03,182.52621459960938,184.14096966630487,181.7138790075681,182.4964964795135,58414500
2024-01-04,180.20814514160156,181.37709839926953,179.18778251294714,180.44589014802324,71983600
2024-01-05,179.4849395751953,181.05015949262307,178.48439420396812,180.28737421180142,62379700
2024-01-08,183.82400512695312,183.8636393749786,179.80199056645665,180.38646723852088,59144500
2024-01-09,183.40789794921875,183.41779895114087,181.0204413910758,182.19931060924736,42841800
2024-01-10,184.4480743408203,184.65610118978807,182.19930742900604,182.62529236075727,46792900
2024-01-11,183.85369873046875,185.3000462697353,181.90212796654464,184.79480792904317,49128400
2024-01-12,184.18060302734375,184.99293868218925,183.45743685571247,184.3192926371913,40477800
2024-01-16,181.91201782226562,182.53611345296787,179.23726611684987,180.45576949057303,65603000
2024-01-17,180.97091674804688,181.2185778549055,178.613193289656,179.57411959355028,47317400
2024-01-18,186.86524963378906,187.37047281337263,184.09144241490495,184.34900450558874,78005800
2024-01-19,189.76783752441406,190.15418823308323,187.0534815615711,187.5587047602819,68903000
2024-01-22,192.0760498046875,193.50258021639056,190.46129453087994,190.50092877344645,60133900
2024-01-23,193.35394287109375,193.91861736509364,192.01658216578133,193.1954512748418,42355600
2024-01-24,192.68032836914062,194.542744606446,192.5218216434054,193.59171936806808,53631300
2024-01-25,192.3534393310547,194.43379881211092,191.30335858737243,193.3936190715828,54822100
2024-01-26,190.6197967529297,192.93790105900956,190.14429166563914,192.45249496932922,44594000
2024-01-29,189.9362335205078,190.40183756577807,187.80635425336052,190.213612724154,47145600
2024-01-30,186.28074645996094,190.00557868100643,185.7160870725139,189.15362398321756,55859400
2024-01-31,182.67483520507812,185.34958738130655,182.6253150741395,185.29013601531707,55467800
2024-02-01,185.11181640625,185.20097077595153,182.1002640289582,182.26867176596141,64885400
2024-02-02,184.1112518310547,185.57740118350648,177.57299331125648,178.17728694752884,102551700
2024-02-05,185.9241485595703,187.47946764726828,184.1013663460926,186.38975267397447,69668800
2024-02-06,187.52899169921875,187.53889270164484,185.02266252630227,185.1118168962398,43490800
2024-02-07,187.63795471191406,189.26261088240534,186.84543618864265,188.85644306077413,53439000
2024-02-08,186.5581512451172,187.76672344534998,185.59722501634783,187.6181328392653,40962000
2024-02-09,187.32191467285156,188.45268968737696,186.4787864459619,187.12352087688578,45155200
2024-02-12,185.63568115234375,187.14338640307878,185.27859346494134,186.8954092628083,41781900
2024-02-13,183.54273986816406,184.70328611762721,182.02512109310902,184.26684396147397,56529500
2024-02-14,182.6599578857422,184.02879656144881,180.9638026996327,183.82050423664703,54630500
2024-02-15,182.37229919433594,182.99720639873473,179.8826142837668,182.06480997798818,65434500
2024-02-16,180.8348388671875,183.35429496994237,180.2000180232841,181.9358579237584,49752500
2024-02-20,180.09092712402344,180.9538827825082,178.54355209419236,180.31906186936408,53665600
2024-02-21,180.84475708007812,181.41013702999714,179.19818540957374,180.46782702325083,41371400
2024-02-22,182.878173828125,183.463411373256,180.98364000764028,181.99537582737872,52292200
2024-02-23,181.0431365966797,183.54273502175582,180.7554746671187,183.51297897874218,45119700
2024-02-26,179.69415283203125,181.28119739799624,179.18826979539264,180.7654158601022,40867400
2024-02-27,181.15223693847656,182.43179212202116,178.10707086865912,179.63461828889808,54318900
2024-02-28,179.95204162597656,181.6382830805114,178.67248629654023,181.03321827875988,48953900
2024-02-29,179.2874755859375,181.09275646398507,178.07734590919267,179.80327228471162,136682600
2024-03-01,178.206298828125,179.06925444803085,175.94474848019505,178.09718827908785,73563100
2024-03-04,173.6831817626953,175.46860492728393,172.38376893378626,174.7246735635979,81510100
2024-03-05,168.74346923828125,170.6479317427376,168.24751498810025,169.37829007310003,95132400
2024-03-06,167.75157165527344,169.85442810491517,167.31512946505867,169.67587669286206,68587700
2024-03-07,167.6325225830078,169.34851990765398,167.12665473872153,167.78130279152694,71765100
2024-03-08,169.34852600097656,172.29449531822434,167.57301652903823,167.6325286145872,76267000
2024-03-11,171.35218811035156,172.9690037589795,170.65785520874886,171.54065314121274,60139500
2024-03-12,171.8282928466797,172.62182261661565,169.62625492438514,171.74893835615396,59825400
2024-03-13,169.74530029296875,171.78862930722158,169.3782838692582,171.3720295685671,52488700
2024-03-14,171.6001739501953,172.89957168966941,170.65786388331372,171.51090581587792,72913500
2024-03-15,171.22323608398438,171.22323608398438,168.91208752136302,169.78497182252738,121752700
2024-03-18,172.31434631347656,176.27206668827822,172.11596763998543,174.1493830977455,75604200
2024-03-19,174.65524291992188,175.18095319129145,171.62991909909198,172.92931675607417,55215200
2024-03-20,177.2243194580078,177.2243194580078,173.67328461909122,174.29819192169327,53423100
2024-03-21,169.98336791992188,176.05385870042272,169.45765758517675,175.61741650508932,106181300
2024-03-22,170.88601684570312,171.64979072547655,168.6839784855534,170.3702201223851,71160100
2024-03-25,169.4675750732422,170.54875171721093,168.078894077347,169.1898419011277,54288300
2024-03-26,168.33680725097656,170.0329624014482,168.20785429573576,168.6244540719099,57388400
2024-03-27,171.9076690673828,172.19533102381604,168.73356472173438,169.03114031499092,60273300
2024-03-28,170.09246826171875,170.83639964948821,169.13031578937776,170.36028779920613,65672700
2024-04-01,168.65420532226562,169.86433493378763,168.1086526063626,169.80482284392966,46240500
2024-04-02,167.47381591796875,167.96977013364764,166.86875116942764,167.71187939021036,49329500
2024-04-03,168.2772674560547,169.29893197888933,167.21593325359058,167.4242255584593,47691700
2024-04-04,167.45399475097656,170.5289019190824,167.45399475097656,168.9120862737285,53704400
2024-04-05,168.2078399658203,169.01128340394683,167.58293278713433,168.217753601793,42104800
2024-04-08,167.0869903564453,167.83092176064616,166.87869803905005,167.6622991252661,37425500
2024-04-09,168.29708862304688,168.70377468070268,166.98777746600817,167.33493630874918,42373800
2024-04-10,166.4224090576172,167.72180678766216,165.75783217031642,167.43415997850798,49709300
2024-04-11,173.6236572265625,174.040272115757,166.7993370367697,166.97787330186227,91070300
2024-04-12,175.12144470214844,176.91679662448954,172.80038249764078,172.8499658132502,101670900
2024-04-15,171.2926788330078,175.20080068867838,171.10421379905583,173.94107267383276,73531800
2024-04-16,168.0094451904297,172.35399357547163,166.9084262901455,170.3602631929335,73711200
2024-04-17,166.640625,169.26917642354965,166.640625,168.2375982616629,50901200
2024-04-18,165.6884002685547,167.27546002889196,165.20237475763562,166.67039519798726,43122900
2024-04-19,163.66490173339844,165.05356757276493,162.7523477339115,164.86511767231858,68149400
2024-04-22,164.49807739257812,165.90658543557495,163.43674332676036,164.18067459044096,48116400
2024-04-23,165.5495147705078,165.69831011966792,163.58554027123327,164.01206877643943,49537800
2024-04-24,167.65237426757812,167.93010742906517,164.86511388137603,165.19243035823263,48251800
2024-04-25,168.5153350830078,169.2295104164757,166.78940883790665,168.15824741627387,50558300
2024-04-26,167.9300994873047,169.95358601606148,167.81106018420974,168.50540819041237,44838400
2024-04-29,172.0961151123047,174.60564226594082,171.69935778865286,171.96716217122307,68169400
2024-04-30,168.95176696777344,173.5740639461448,168.62443536523762,171.92749229774822,65934800
2024-05-01,167.9300994873047,171.31251085120192,167.74163446478235,168.20783263565716,50383100
2024-05-02,171.6299285888672,172.0167723030629,169.50724497899176,171.11413192483198,94214900
2024-05-03,181.89617919921875,185.48688300008854,181.1820038934194,185.13970898312533,163224100
2024-05-06,180.2397003173828,182.70954279745968,178.9601298757301,180.87452115240256,78569700
2024-05-07,180.92410278320312,183.40387401178498,179.8528549315395,181.965609726272,77305800
2024-05-08,181.26133728027344,181.5886688519262,179.981767033329,181.3704478041577,45057100
2024-05-09,183.07656860351562,183.16583674066726,180.63646690744054,181.0828227285221,48983000
2024-05-10,181.8151092529297,183.84134031553506,180.9013175850214,183.65261967053823,50759500
2024-05-13,185.02333068847656,185.8378061410755,183.37452561798457,184.18900107058352,72044800
2024-05-14,186.1655731201172,187.029714327999,185.0332642686859,186.24503525163803,52393600
2024-05-15,188.44012451171875,189.36384333151435,186.1059718662387,186.6423374407049,70400000
2024-05-16,188.559326171875,189.81083584823088,188.3805477357399,189.18508101005293,52845200
2024-05-17,188.589111328125,189.52277241007562,187.90376371878457,188.23153932133224,41282900
2024-05-20,189.75120544433594,190.62527366658756,187.73490137733788,188.052749878466,44361300
2024-05-21,191.05238342285156,191.42980957851574,189.6320225414164,189.80087387660714,42309400
2024-05-22,189.61215209960938,191.5192128106237,188.9864124860383,190.9729201671483,34648500
2024-05-23,185.6193084716797,189.71151001586625,185.3709949768945,189.69164069264463,51005900
2024-05-24,188.6983642578125,189.2943226367172,186.771449342652,187.54620129756856,36327000
2024-05-28,188.70831298828125,191.69800175645932,187.82431762786635,190.21804799663707,52280100
2024-05-29,189.0062713623047,190.95305560689752,188.2315345598267,188.33086600869876,53068000
2024-05-30,189.99951171875,190.88350698979508,189.343975732697,189.4730884200293,49889100
2024-05-31,190.9530487060547,191.2708972062775,188.62883838261533,190.14851552916033,75158300
2024-06-03,192.72103881835938,193.67456916074488,191.22123099586668,191.5986571441052,50080500
2024-06-04,193.0388946533203,194.0023521144802,191.72779227719917,193.32693160548868,47471400
2024-06-05,194.5486297607422,195.5716800296083,193.55537589536917,194.08179923154876,54156800
2024-06-06,193.16802978515625,195.1744070683784,192.86012347629529,194.36987376952155,41181800
2024-06-07,195.56175231933594,195.6114180436154,192.83030419832767,193.33685821193552,53103900
2024-06-10,191.81719970703125,195.96900913658257,190.85374215435903,195.57169845948172,97010200
2024-06-11,205.7525177001953,205.7624599378956,192.32373729563466,192.34359145933493,172373300
2024-06-12,211.6326141357422,218.7145040828182,205.50422428227435,205.97105482418652,198134300
2024-06-13,212.79469299316406,215.28775449802723,210.17250364841863,213.29131987781926,97862700
2024-06-14,211.0565185546875,213.71843162956222,209.874544034183,212.40734441299963,70122700
2024-06-17,215.2083282470703,217.4729460060793,211.28497823555003,211.93058723086708,93728300
2024-06-18,212.84437561035156,217.15510913678148,211.56308472355843,216.1221165738588,79943300
2024-06-20,208.2654571533203,212.79470737847507,207.44106980621038,212.48678595825902,86172500
2024-06-21,206.09027099609375,210.46058238700795,205.71282963889428,208.97070143703453,241805100
2024-06-24,206.73587036132812,211.2651058128792,205.19632375372012,206.3187055335118,80727000
2024-06-25,207.6595916748047,209.95400566525086,207.20268823087267,207.73903864641352,55549700
2024-06-26,211.81138610839844,213.41052543273105,209.21899292189278,210.07319184959564,66213200
2024-06-27,212.65565490722656,214.28459061162127,210.91746067332394,213.2416710401095,49772700
2024-06-28,209.19912719726562,214.6123729638464,208.8812938369491,214.31439376890182,82542700
2024-07-01,215.2877960205078,216.04266357466884,210.49037757076027,210.65922892540738,60402900
2024-07-02,218.78402709960938,218.89328562800327,213.6489065767971,214.6918109818244,58046200
2024-07-03,220.05538940429688,220.05538940429688,217.55238550522975,218.51584293427166,37369800
2024-07-05,224.81309509277344,224.9223536333555,220.15473164881905,220.15473164881905,60412400
2024-07-08,226.28311157226562,226.31290797690275,221.7439339584199,225.55802531049062,59085900
2024-07-09,227.13729858398438,227.85244261706796,224.84288445944628,226.39235814584333,48076100
2024-07-10,231.40829467773438,231.50762613234983,227.70346178953022,227.75312751683794,62627700
2024-07-11,226.0347900390625,230.82226580227746,224.2469300453064,229.82901193417422,64710600
2024-07-12,228.9847412109375,231.07058040656065,227.13728840093884,227.37567478656334,53046500
2024-07-15,232.81871032714844,235.62962070976812,231.5175501306247,234.88468027763452,62631300
2024-07-16,233.2358856201172,234.67610072880163,230.76267797901863,233.41466404542834,43234300
2024-07-17,227.33595275878906,229.8985495862513,225.11105861290636,227.90209958898402,57345900
2024-07-18,222.6676483154297,228.88542732552744,220.7705449165008,228.7265030667722,66034600
2024-07-19,222.79678344726562,225.2699911539264,221.77373312637206,223.30335264411235,49151500
2024-07-22,222.44915771484375,226.24337986146955,221.58501648633228,225.47857008869346,48201800
2024-07-23,223.49203491210938,225.40902265142745,221.17775171010015,222.85635307829335,39960300
2024-07-24,217.06570434570312,223.2834835656707,215.66522784122517,222.48887740092556,61777600
2024-07-25,216.0227813720703,219.36011485373604,213.17213256832727,217.45305415919788,51391200
2024-07-26,216.4896240234375,218.0093012590926,214.55276681781487,217.22462220056258,41601300
2024-07-29,216.76773071289062,217.82057739339885,214.2945231128628,215.49636696784094,36311800
2024-07-30,217.32394409179688,218.84362126060284,214.66201590891492,217.71131248471113,41643800
2024-07-31,220.58181762695312,222.31008478832948,219.14160257039833,219.94613576688096,50036300
2024-08-01,216.8869171142578,222.96562598955987,215.5559605569344,222.85636745689294,62501000
2024-08-02,218.3767852783203,224.07806765618477,216.24129562954897,217.6715683981697,105568600
2024-08-05,207.85826110839844,212.0597211288106,194.67777677399005,197.74692788266515,119548600
2024-08-06,205.8319854736328,208.5733757245506,199.7135534430835,203.91501287026546,69660500
2024-08-07,208.404541015625,212.19876304064402,204.99767225034321,205.5042262843129,63516400
2024-08-08,211.87100219726562,212.75499762550604,207.42122864939222,211.67235443417223,47161100
2024-08-09,214.78121948242188,215.317569896599,210.54002126961797,210.66914912089348,42201600
2024-08-12,216.31260681152344,218.28152162650582,214.39341520959198,214.86078610016068,38028100
2024-08-13,220.0316619873047,220.64818728863202,217.7843004144017,217.7843004144017,44155300
2024-08-14,220.4791717529297,221.78183806687042,218.4704721927748,219.33561365974072,41960600
2024-08-15,223.46237182617188,224.08885093177264,221.51333414952188,223.3430482530648,46414000
2024-08-16,224.78492736816406,225.56056092969672,222.39834972442236,222.66684293368954,44340200
2024-08-19,224.62582397460938,224.72527040192085,221.791767703572,224.4567771868955,40687800
2024-08-20,225.24232482910156,225.89863476179528,224.18825957723197,224.50647597128693,30299000
2024-08-21,225.13294982910156,226.70410920432383,223.7905141872767,225.25228856886343,34765500
2024-08-22,223.27342224121094,227.06209724349452,222.64694316501192,226.51517227009805,43695300
2024-08-23,225.57049560546875,226.9427773475752,223.07454817990703,224.39710671028325,38677300
2024-08-26,225.90858459472656,226.00803101617393,222.6370036872603,225.490936936756,30602200
2024-08-27,226.7538299560547,227.569248113113,223.63140355832627,224.73519205544582,35934600
2024-08-28,225.22247314453125,228.57360836626125,224.41699349604747,226.64446298605537,38052200
2024-08-29,228.5039825439453,231.61647047641185,227.59908685526068,228.81226038667728,51906300
2024-08-30,227.71841430664062,229.11057321557684,226.2069166530855,228.90175696593346,52990800
2024-09-03,221.5233154296875,227.71844620227262,219.93226344799874,227.27096757410897,50190600
2024-09-04,219.61402893066406,220.53881694406624,216.2628786668988,220.41949337418052,43840200
2024-09-05,221.13546752929688,224.2181094473344,220.28027986462445,220.38966486266608,36615400
2024-09-06,219.58421325683594,223.97947540850993,218.5400864277892,222.69668624975694,48423000
2024-09-09,219.67369079589844,220.03167667908036,215.49719894103853,219.58419811845144,67180000
2024-09-10,218.878173828125,220.2405018848782,215.517084853391,217.69483113354613,51591000
2024-09-11,221.4138946533203,221.8414808899648,216.670585544778,220.22061344649163,44587100
2024-09-12,221.5233154296875,222.29894909807683,218.58982756350778,221.25482218343083,37455600
2024-09-13,221.2548065185547,222.78618142445666,220.66811202153605,222.3287642541488,36766600
2024-09-16,215.10939025878906,216.00434741371936,212.72281255665072,215.32814508742544,59357400
2024-09-17,215.5767364501953,215.6861214463737,213.2995590231644,214.54256344637628,45519300
2024-09-18,219.45492553710938,221.46362499015893,216.322545198334,216.33249894497217,59894900
2024-09-19,227.58914184570312,228.53383738270648,223.37288038958053,223.7308662842885,66781300
2024-09-20,226.9228973388672,231.7855303113645,226.34614143297367,228.6829959505254,318679900
2024-09-23,225.20257568359375,228.16589404695566,224.54626569168985,226.06770192621624,54146000
2024-09-24,226.09754943847656,228.06647955891447,224.466728085426,227.3703848763016,43556100
2024-09-25,225.10311889648438,226.01796830972677,222.76627973963284,223.6711754067507,42308700
2024-09-26,226.2467041015625,227.22121534991766,224.14851196557498,226.02793410267134,36636700
2024-09-27,226.51516723632812,228.2354962210898,226.02791923090672,227.18143093581907,34026000
2024-09-30,231.696044921875,231.696044921875,228.36478670449856,228.75260351180964,54541900
2024-10-01,224.94403076171875,228.36476618305377,222.4878528116685,228.2355040411627,63285000
2024-10-02,225.51083374023438,226.09752818761766,221.771881889721,224.62581519597003,32880600
2024-10-03,224.40704345703125,225.5406628776434,222.0702042586661,223.88001079844628,34044200
2024-10-04,225.53073120117188,226.72401244250622,222.87567550784985,226.6245660168141,37245100
2024-10-07,220.44932556152344,224.4269397639463,220.09133967636964,223.24359711098245,39505400
2024-10-08,224.50650024414062,224.71531649859696,222.00059897690352,223.0447257693685,31855700
2024-10-09,228.25538635253906,228.46421777631028,223.57175408478048,223.96950943919006,33591100
2024-10-10,227.7581787109375,228.21561101279016,225.89864895817115,226.50523572074002,28183500
2024-10-11,226.27655029296875,228.1261416619367,226.06771885321956,228.01675665509578,31759200
2024-10-14,230.00555419921875,230.43314046117197,227.32066753158787,227.4200987868959,39882100
2024-10-15,232.54129028320312,236.1609188169062,231.06956201546166,232.3026279543652,64751400
2024-10-16,230.4828338623047,230.82092739872954,228.55368871280942,230.30384852186543,34082200
2024-10-17,230.8507843017578,232.5412825211578,229.22991678936268,232.12361966628396,32993800
2024-10-18,233.68482971191406,234.8582185948981,232.7003647541102,234.8582185948981,46431500
2024-10-21,235.1565399169922,235.52447953691794,233.13790198735873,233.13790198735873,36254500
2024-10-22,234.5400390625,234.89802497361626,231.29828871484364,232.5810627118631,38846600
2024-10-23,229.4685516357422,233.8240439244486,226.48534106504323,232.76997861721128,52287000
2024-10-24,229.27963256835938,229.52823345451665,227.131717270346,228.69292294524882,31109500
2024-10-25,230.1149444580078,231.91481257552053,228.2852454458818,228.4542922398222,38802300
2024-10-28,232.09378051757812,233.41633904858514,231.24854661133642,232.01424158684446,36087100
2024-10-29,232.36227416992188,233.01858415019296,231.0198384903425,231.79547204033784,35417200
2024-10-30,228.812255859375,232.1633908639167,228.26533088908346,231.30820323038637,47070900
2024-10-31,224.6457061767578,228.5437662121666,224.10871977089283,228.05650301771783,64370100
2024-11-01,221.66249084472656,224.08883784550613,219.03726617591775,219.7333456007168,65276700
2024-11-04,220.7675323486328,221.5431659237015,218.48041626355018,219.7532516264011,44944500
2024-11-05,222.19947814941406,222.6966799421733,219.90240829460964,220.55871830266648,28111300
2024-11-06,221.4735565185547,224.80481443000403,219.95212032394844,221.36417152277414,54561100
2024-11-07,226.20692443847656,226.6046949785728,223.31322152292373,223.37288331058951,42137700
2024-11-08,225.93814086914062,227.63048374280507,225.39061415381417,226.1471868576639,38328800
2024-11-11,223.22042846679688,224.68381119249955,220.50272420052974,223.98696589218596,42005600
2024-11-12,223.22042846679688,224.5743058460154,222.354350392842,223.53899499841924,40398300
2024-11-13,224.1063995361328,225.62950954483912,221.75702475308145,223.00139666804327,48566200
2024-11-14,227.19247436523438,227.83954176018094,223.9869707245471,224.0068849307252,44923900
2024-11-15,223.98696899414062,225.89832264008,223.26025997018442,225.38065961406878,47923700
2024-11-18,226.99337768554688,228.70563485331775,224.15620331601912,224.2358449505769,44633700
2024-11-19,227.25218200683594,229.12372228231885,225.63948081886542,225.9580321395358,36211800
2024-11-20,227.96896362304688,228.89476915350485,224.87296529986398,227.03319339435467,35169600
2024-11-21,227.49111938476562,229.1237348668511,224.69377351516385,227.8494991340082,42108300
2024-11-22,228.83502197265625,229.68120098473537,227.0331737980822,227.0331737980822,38168300
2024-11-25,231.82151794433594,232.19981188776785,228.70562083004268,230.41787789282506,90152800
2024-11-26,234.00167846679688,234.50939199708804,232.2794717613211,232.2794717613211,45986200
2024-11-27,233.8722381591797,234.6288260383393,232.75728573526553,233.41431778082386,33498400
2024-11-29,236.26145935058594,236.73929396987336,232.91658663539664,233.75280101667178,28481400
2024-12-02,238.51126098632812,239.70585504150458,236.0922091638524,236.20171450499868,48137100
2024-12-03,241.5574951171875,241.66700046466846,237.82437898500294,238.73028547870095,38861000
2024-12-04,241.91587829589844,243.01093178619982,240.16380790150487,241.7765092325954,44383900
2024-12-05,241.94573974609375,243.43898620611924,241.03984843814553,242.8914746561807,40033900
2024-12-06,241.74664306640625,243.5285923470879,240.99007032901886,241.81633519239523,36870600
2024-12-09,245.63902282714844,246.1268220997756,240.66153502923254,240.74117665680967,44649200
2024-12-10,246.65443420410156,247.09245556004478,244.23536723926503,245.7783914922151,36914800
2024-12-11,245.38021850585938,249.67081089954078,245.15124311202538,246.84360125039836,45205800
2024-12-12,246.8435821533203,247.62006903646127,244.57383373711528,245.77839247075497,32777500
2024-12-13,247.01283264160156,248.16759835190283,245.13134272203925,246.70423080565516,33155300
2024-12-16,249.90969848632812,250.24817919808956,246.53496239648825,246.8734431082497,51694800
2024-12-17,252.33872985839844,252.68716009783537,248.655391740455,248.95404406138837,51356400
2024-12-18,246.9331817626953,253.13512753347695,246.62457993830327,251.02467749046986,56774100
2024-12-19,248.6653289794922,250.86538527206417,245.9774886038804,246.38564624934875,60882300
2024-12-20,253.34417724609375,253.8518755287198,244.58379575845774,246.92320588947405,147495300
2024-12-23,254.12066650390625,254.49894524760987,252.30885365268378,253.62291772369178,40858800
2024-12-24,257.0375061035156,257.04744042152294,254.14058909817473,254.3397007808045,23234700
2024-12-26,257.853759765625,258.9289141129315,256.47003399402934,257.0275101814573,27237100
2024-12-27,254.439208984375,257.5352220874343,251.9206014592013,256.6691137206059,42355300
2024-12-30,251.0644989013672,252.3586488565982,249.62103037787767,251.0943626150189,35557500
2024-12-31,249.29251098632812,252.1396347735265,248.30696287880588,251.30342042234355,39480700
2025-01-02,242.75210571289062,247.97846832553566,240.73124671787497,247.80922035937212,55740700
2025-01-03,242.26431274414062,243.080612931882,240.80092995907523,242.26431274414062,40244100
2025-01-06,243.89691162109375,246.21642284830082,242.10501290585998,243.2100158477468,45045600
2025-01-07,241.11947631835938,244.44443460073458,240.263347789176,241.88599852058522,40856000
2025-01-08,241.60726928710938,242.61273160476242,238.9692066706783,240.83078235887348,37628900
2025-01-10,235.78363037109375,239.07872524452853,231.95095824677452,238.9293914792433,61710900
2025-01-13,233.3446502685547,233.61343889555542,228.68572841435088,232.47857214721685,49630700
2025-01-14,232.22967529296875,235.05688478727922,231.4233246799516,233.69305795736565,39435300
2025-01-15,236.79901123046875,237.88411516800545,233.3744970274307,233.5835582088168,39832000
2025-01-16,227.23228454589844,236.9383864807084,227.0033243432251,236.28136958651152,71759100
2025-01-17,228.9445343017578,231.24413133243607,227.4512878984511,231.07489856287185,68488300
2025-01-21,221.6375732421875,223.40955766052627,218.39225670760806,222.9914505136237,98070400
2025-01-22,222.82223510742188,223.1109227348787,218.80041619812283,218.80041619812283,64126500
2025-01-23,222.6529998779297,226.00782197454978,221.29912251598503,223.72813912330528,60234800
2025-01-24,221.77694702148438,224.614121166801,220.4131202139208,223.76794215782238,54697900
2025-01-27,228.82508850097656,231.10477141655377,222.9715575076631,223.01138591977585,94863400
2025-01-28,237.187255859375,239.1085741517517,229.77080167884077,229.81063008981926,75707600
2025-01-29,238.2823028564453,238.78005164957875,232.9563846938824,233.06589003597526,45486100
2025-01-30,236.52027893066406,239.7058683175974,236.14200015946125,237.59541819689565,55658300
2025-01-31,234.93743896484375,246.07705979363328,232.38896748106293,246.07705979363328,100959800
2025-02-03,226.98341369628906,230.78622201033428,224.68381655532258,228.9545099800506,73063300
2025-02-04,231.75186157226562,232.08037762753466,225.62954176239768,226.226846442903,45067300
2025-02-05,231.42332458496094,231.62242106375825,227.24223776986636,227.50106167329415,39620300
2025-02-06,232.16995239257812,232.74734282564026,229.39250557129796,230.24863411824003,29925300
2025-02-07,226.60513305664062,232.946448173879,226.236788599926,231.55275755143822,39707200
2025-02-10,226.8741912841797,229.80417456619486,226.42572786906877,228.7876615470872,33115600
2025-02-11,231.82725524902344,234.42836130351915,227.35256634016287,227.4223198813819,53718400
2025-02-12,236.06277465820312,236.15247950770552,229.89386689621963,230.41209906543347,45243300
2025-02-13,240.70689392089844,241.514131106333,234.7672133917818,236.10264318513748,53614100
2025-02-14,243.7664337158203,244.71319316935814,240.1687356269457,240.4278440984732,40896200
2025-02-18,243.6368865966797,244.34445851454996,241.01584434943877,243.31796980618805,48822500
2025-02-19,244.03550720214844,245.17162160901916,242.33134319523683,243.8262313730556,32204200
2025-02-20,244.9922637939453,245.93902334816417,243.45750328110228,244.10529733899222,32316900
2025-02-21,244.71319580078125,247.84249441981407,244.38431857946645,245.11182656230832,53197400
2025-02-24,246.25791931152344,248.01191597096326,243.58704451830639,244.0953010258401,51326400
2025-02-25,246.1981201171875,249.14803959700342,244.0753891604379,247.15485528022737,48013300
2025-02-26,239.5408935546875,244.14514449402503,238.3150894487839,243.49736566903925,44433600
2025-02-27,236.49131774902344,241.6337368385667,236.25213016109495,238.5941277716784,41153600
2025-02-28,241.01583862304688,241.26498665715278,229.41550676334808,236.14250368420718,56833400
2025-03-03,237.21881103515625,243.1983635012748,235.3053560708129,240.96599177281342,47184000
2025-03-04,235.1259765625,239.25188262538288,233.88023638606123,236.89992456399492,53798100
2025-03-05,234.93663024902344,235.7438674276595,228.44880585950324,234.61771347352882,47227600
2025-03-06,234.5280303955078,237.04940729600818,232.3654272740836,233.64106399817908,45170400
2025-03-07,238.2552947998047,240.54744460053885,233.95996981993864,234.30878315837532,46273600
2025-03-10,226.70477294921875,235.35520052510583,223.45588808739058,234.73730306532093,72071200
2025-03-11,220.08740234375,225.0703629938446,216.7089556312574,223.04728218644934,76137400
2025-03-12,216.2405548095703,220.99430349899413,214.17761702040198,219.3897895710681,62547500
2025-03-13,208.96542358398438,216.10102664759694,207.70972301630272,215.21406028960521,61368300
2025-03-14,212.762451171875,213.22087501834247,208.86577244295887,210.53007941159925,60107600
2025-03-17,213.27072143554688,214.48656508270392,209.25445626243933,212.58307041465437,48073400
2025-03-18,211.96519470214844,214.4168029665515,210.76928711901598,213.43018643369246,42432400
2025-03-19,214.50648498535156,218.0144781615262,213.0215573102422,213.48995680484757,54385400
2025-03-20,213.37039184570312,216.74883872802718,211.49679368091097,213.2607660976187,48862900
2025-03-21,217.52618408203125,218.09423372936246,210.55999911901452,210.8390437188948,94127800
2025-03-24,219.977783203125,220.7252273230714,217.83511614199446,220.24686734420678,44299500
2025-03-25,222.9875030517578,223.33631640181736,219.33001153042758,220.01766257627696,34493600
2025-03-26,220.77505493164062,224.25316696482244,219.71866969932233,222.7483031053444,34466100
2025-03-27,223.087158203125,224.22327264250706,219.80836152348044,220.63553483035878,37094800
2025-03-28,217.1574249267578,223.04728822423488,216.93817343567548,220.91458161653458,39818600
2025-03-31,221.37301635742188,224.8511131847691,215.49311362240712,216.27045427307317,65299300
2025-04-01,222.42941284179688,222.9177332815032,218.15402384007052,219.06092638065368,36412700
2025-04-02,223.1270294189453,224.42260233406006,220.2668146407477,220.5657953452804,35905900
2025-04-03,202.49754333496094,206.78289223919597,200.56415230327434,204.8395255545537,103419000
2025-04-04,187.738037109375,199.19884701911502,186.70157274086588,193.2292544699453,125910900
2025-04-07,180.84161376953125,193.48835506739644,174.02491207450518,176.59612158290105,160466300
2025-04-08,171.8323974609375,189.691324966831,168.63334553301246,186.06373055480245,120859500
2025-04-09,198.17234802246094,199.926344669284,171.30421792842867,171.3640110222038,184395900
2025-04-10,189.7710723876953,194.11621470149436,182.37636057603893,188.42568213047016,121880000
2025-04-11,197.47471618652344,198.85997858079665,185.42592149027786,185.46579368960585,87435900
2025-04-14,201.82984924316406,212.2143377637297,200.47448329230923,210.7194495182335,101352900
2025-04-15,201.4511260986328,202.81645240683693,199.11910423874315,201.1720815277121,51343900
2025-04-16,193.6079559326172,200.01603598224625,191.71442177543545,197.68401406478426,59732400
2025-04-17,196.3087158203125,198.15241736523095,193.75744237056688,196.5279673080365,52164700
2025-04-21,192.50173950195312,193.13955785695288,189.1631497833642,192.61136524453693,46742500
2025-04-22,199.059326171875,200.9030125684292,195.3021694205859,195.45165216386687,52976400
2025-04-23,203.9027557373047,207.29116289420588,202.10888686320854,205.29797863560773,52929200
2025-04-24,207.65989685058594,208.11833592046503,202.248408894664,204.1917605029567,47311000
2025-04-25,208.56680297851562,209.0352025034097,205.49729734578435,205.66671618569228,38222300
2025-04-28,209.4238739013672,210.77923983434187,206.7530142372406,209.2843516085664,38743100
2025-04-29,210.490234375,211.51672307140856,207.6599011161091,207.978817902887,36827600
2025-04-30,211.7758331298828,212.8521544830753,205.96569903614,208.58674127234366,52286500
2025-05-01,212.59304809570312,213.82881264887993,208.18809734114114,208.3674918385056,57365700
2025-05-02,204.65020751953125,206.28461806468735,201.4710760745947,205.38767599056177,101010600
2025-05-05,198.21221923828125,203.4044712176219,197.5345438511527,202.40787903175757,69018500
2025-05-06,197.83351135253906,199.96621804369693,196.34859871285207,197.53454585917262,51216500
2025-05-07,195.58120727539062,198.7603386318323,192.59143085844198,198.49125449640593,68536700
2025-05-08,196.81698608398438,199.3682595147921,194.0165494128041,197.04619801698016,50478900
2025-05-09,197.8534393310547,199.85658408831688,196.86680762308345,198.32183886048443,36453900
2025-05-12,210.34713745117188,210.82613996616402,206.31563192374182,210.52676720097676,63775800
2025-05-13,212.48263549804688,212.95164926547025,208.56089957562318,209.98788789546765,51909300
2025-05-14,211.88389587402344,213.49051386836734,210.13757262915965,211.98367663769176,49325800
2025-05-15,211.00575256347656,212.51258988469863,209.0997617101353,210.506803034962,45029500
2025-05-16,210.81614685058594,212.12340739052024,209.3292870180407,211.9138418912236,54737900
2025-05-19,208.3413543701172,209.0398806327114,203.83084657536088,207.47318710280226,46140500
2025-05-20,206.42539978027344,208.03201787298204,204.5992426766309,207.23369558110693,42496600
2025-05-21,201.6654052734375,206.60500227852873,200.28831500749223,204.73893602091724,59211800
2025-05-22,200.9369354248047,202.32401437172413,199.28041949489233,200.2883071907537,46742400
2025-05-23,194.85975646972656,197.28464391104225,193.05356158182016,193.26311186041877,78432900
2025-05-27,199.78936767578125,200.31825293342968,197.01519441683536,197.88337691051132,56288500
2025-05-28,199.99891662597656,202.30406088976383,199.48000488022652,200.16855762950956,45339700
2025-05-29,199.5299072265625,203.38179807643976,198.09293019267844,203.15228556391767,51396800
2025-05-30,200.4280242919922,201.53569281345096,196.36656797106642,198.95112277889336,70819900
2025-06-02,201.27622985839844,201.70533435611304,199.69954757512772,199.85921507319503,35423300
2025-06-03,202.84292602539062,203.34187550579085,200.53778186221837,200.92696184786135,46381600
2025-06-04,202.39389038085938,205.80670326672896,201.67540185470463,202.48369763994597,43604000
2025-06-05,200.20849609375,204.3198354061699,199.7294935749724,203.07246156364138,55126100
2025-06-06,203.49156188964844,205.26782088834017,201.62549563553227,202.57349663849442,46607700
2025-06-09,201.02676391601562,205.56720771427428,199.59977555964565,203.96058960802065,72862600
2025-06-10,202.2441864013672,203.92066462184746,200.14860765917956,200.1785434107301,54672600
2025-06-11,198.36236572265625,204.07034932786254,197.99314795828434,203.0724503091444,60989900
2025-06-12,198.78147888183594,199.26046614106752,196.94534836583952,198.66173587371065,43904600
2025-06-13,196.03726196289062,199.9490243445518,195.2888376882346,199.3103695725812,51447300
2025-06-16,198.0031280517578,198.27256505925683,196.1470352061455,196.8854859861783,43020700
2025-06-17,195.2289581298828,197.97318035709665,194.79986887227625,196.78567812068002,38856200
2025-06-18,196.16697692871094,197.15490236836843,194.66015499959357,195.52832221137376,45394700
2025-06-20,200.57769775390625,201.27622400422058,196.44639652864126,197.8235020126397,96813500
2025-06-23,201.07666015625,201.87498244787415,198.54200324907936,201.20639190632414,55814300
2025-06-24,199.87918090820312,203.0125832870988,199.77938491343542,202.16436301176623,54064000
2025-06-25,201.13653564453125,203.2421033073339,200.19850807531137,201.0267661369261,39525700
2025-06-26,200.57769775390625,202.2142514946699,199.04094000321476,201.00678701240994,50799100
2025-06-27,200.65753173828125,202.7930349784745,199.57979899649257,201.4658274879402,73188600
2025-06-30,204.7389373779297,206.95427439094752,198.84135059390303,201.58557286233471,91912800
2025-07-01,207.3833770751953,209.74839282792448,205.70689884063935,206.23578409144605,78788900
2025-07-02,211.99366760253906,212.8917706186518,207.7026988246806,208.47108532398713,67941800
2025-07-03,213.10134887695312,214.19902871499423,211.36499901814886,211.70428104663077,34955800
2025-07-07,209.50889587402344,215.77570049162512,208.36131809352125,212.23315593085263,50229000
2025-07-08,209.5687713623047,210.98578616820197,208.01205130024096,209.658593847986,42848900
2025-07-09,210.69639587402344,210.8859991217609,206.78463359109693,209.0897778625777,48749400
2025-07-10,211.96372985839844,213.03147386855414,209.58872537016995,210.06771262581316,44443600
2025-07-11,210.7163543701172,211.68431760849728,209.41908263784933,210.12759762046792,39765800
2025-07-14,208.1816864013672,210.46688365912564,207.10395364435493,209.48893166698292,38840100
2025-07-15,208.67066955566406,211.44482767792792,208.48106630115817,208.7804390594974,42296300
2025-07-16,209.71847534179688,211.95375954691573,208.2016644692293,209.8581806046168,47490500
2025-07-17,209.57875061035156,211.3550095983717,209.14964612579556,210.12759810142074,48068100
2025-07-18,210.73631286621094,211.34503189230253,209.25942654413325,210.42696659875526,48974600
2025-07-21,212.0335693359375,215.3266389893317,211.18536434566,211.65437808070223,51377400
2025-07-22,213.94955444335938,214.49840197701596,211.78411528941558,212.69220709721728,46404100
2025-07-23,213.7000732421875,214.69797228179937,211.9637386583707,214.54829351654996,46989300
2025-07-24,213.31088256835938,215.2368355364858,213.08137006420023,213.45058781785585,46022600
2025-07-25,213.43064880371094,214.7877920897316,212.95164630742312,214.24891808809048,40268800
2025-07-28,213.6002960205078,214.39861831079742,212.61237047326716,213.5803337758995,37858000
2025-07-29,210.8261260986328,214.3586818606333,210.37707459375494,213.73000061776605,51411700
2025-07-30,208.6107940673828,211.94377315400357,207.28358653790625,211.454797150492,45512500
2025-07-31,207.1339111328125,209.39913099136336,206.72476887181696,208.0519764228089,80698400
2025-08-01,201.95481872558594,213.1312852679161,201.07666267114303,210.4269720875647,104434500
2025-08-04,202.9227752685547,207.44325668811337,201.25627047720934,204.0803265791815,75109300
2025-08-05,202.49366760253906,204.90858140720596,201.73526982787092,202.97265486934364,44155100
2025-08-06,212.80197143554688,214.9275012748427,205.15806109322384,205.19798558200998,108483100
2025-08-07,219.56771850585938,220.38600300495352,216.12496995802366,218.42014073215765,90224800
2025-08-08,228.86814880371094,230.5146761138317,218.78936250198095,220.36604479784603,113854000
2025-08-11,226.95997619628906,229.33767612130436,224.54232171734583,227.6992650180531,61806100
2025-08-12,229.42758178710938,230.57647717809445,226.8500938879156,227.78917070894937,55626200
2025-08-13,233.10403442382812,234.77241529044048,230.2068337695816,230.8462285986664,69878500
2025-08-14,232.5545654296875,234.89229562265464,230.6264418350812,233.83332460758467,51916300
2025-08-15,231.36570739746094,234.0531046408583,229.11788646444978,233.77337703316005,56038700
2025-08-18,230.66639709472656,232.89423321308522,229.88715369469057,231.47561022214762,37476200
2025-08-19,230.3367156982422,232.64447617946885,229.1278960385577,231.05601964615855,39402600
2025-08-20,225.79110717773438,230.24679444121838,225.55134937034353,229.75726351111018,42263900
2025-08-21,224.68218994140625,226.30063142153253,223.56327948127884,226.05087353353895,30621200
2025-08-22,227.53941345214844,228.8681272027074,225.1916985271248,225.95095699429655,42477800
2025-08-25,226.94000244140625,229.07792927219558,226.01089520624416,226.26065308481304,30983100
2025-08-26,229.08792114257812,229.26775474756235,224.4724002828088,226.65028173376106,54575100
2025-08-27,230.26678466796875,230.676376013076,228.03893336267103,228.38860049855515,31259500
2025-08-28,232.33477783203125,233.18396075811214,229.11789497993007,230.59647266873003,38074700
2025-08-29,231.91517639160156,233.15398096397084,231.145917853049,232.28481317583598,39418400
2025-09-02,229.49752807617188,230.62643860177437,226.75019132336067,229.02798202980685,44075600
2025-09-03,238.2390594482422,238.6186963224971,234.133039090421,236.98028515930878,66427800
2025-09-04,239.5477752685547,239.66765417218173,236.51072617258424,238.21906152531412,47549400
2025-09-05,239.45787048339844,241.08629675958926,238.25903569310344,239.76756781945676,54870400
2025-09-08,237.64962768554688,239.91741830634814,236.11111057683257,239.06825064349684,48999500
2025-09-09,234.123046875,238.5487492683241,233.13400016518182,236.77047435136637,66313900
2025-09-10,226.5703582763672,232.19491077497392,225.73117543382176,231.96513778704139,83440800
2025-09-11,229.80722045898438,230.22681187017153,226.43048902665416,226.66027725307507,50208600
2025-09-12,233.84332275390625,234.28288383192944,228.79821036620638,228.9980136278554,55824200
2025-09-15,236.47076416015625,237.95932665324483,234.80238330570734,236.77047667310174,42699500
2025-09-16,237.9193572998047,240.98639147239973,236.09114297984144,236.9502954777413,63421100
2025-09-17,238.75856018066406,239.86748583209587,237.4997706474641,238.73857528095925,46508000
2025-09-18,237.64962768554688,240.9664044724694,236.4208079152849,239.737599946219,44249600
2025-09-19,245.26223754882812,246.06146581163878,239.9773675285625,240.99636870073516,163741300
2025-09-22,255.8319854736328,256.3914711896616,247.8797028858207,248.05953649140056,105517400
2025-09-23,254.18359375,257.0907792625319,253.33442606621003,255.63220171436936,60275200
2025-09-24,252.06564331054688,255.4923293909784,250.79686899703333,254.9728287261993,42303700
2025-09-25,256.6212158203125,256.9209435623003,251.466224879955,252.96477212582877,55202100
2025-09-26,255.2126007080078,257.3505275669758,253.5342198150173,253.8539172209246,46076300
2025-09-29,254.18359375,254.75304905914027,252.76497075706976,254.31347273152574,40127700
2025-09-30,254.38340759277344,255.67215158054225,252.8648753735947,254.61318058017173,37704300
2025-10-01,255.20260620117188,258.53938316103813,254.6831055272507,254.7929996074261,48713900
2025-10-02,256.8809814453125,257.9299523535748,253.9038565188199,256.33149581258533,42630200
2025-10-03,257.7701110839844,258.9889308017334,253.70406057825727,254.42336451804394,49155600
2025-10-06,256.44140625,258.819106172963,254.80299514816292,257.7401350456914,44664100
2025-10-07,256.23162841796875,257.15072039039774,255.18262697514498,256.56129542181253,31955800
2025-10-08,257.8100891113281,258.2696351050741,255.8619653198879,256.2715719294531,36496900
2025-10-09,253.79396057128906,257.75013209688524,252.8948383011137,257.5603136690899,38322000
2025-10-10,245.032470703125,256.13171175032437,243.76369637579657,254.69310389004832,61999100
2025-10-13,247.42015075683594,249.44818352992385,245.32217845998096,249.13848619669534,38142900
2025-10-14,247.53004455566406,248.60900042906025,244.46301046499008,246.36117950382103,35478000
2025-10-15,249.09852600097656,251.5761352503302,247.2303418581919,249.24838988167792,33893600
2025-10-16,247.21035766601562,248.79881419551728,244.8926123625184,248.00958596667436,39777000
2025-10-17,252.045654296875,253.13461023404025,247.03052706557392,247.77980070207627,49147000
2025-10-20,261.98602294921875,264.1239650925819,255.3824390623343,255.64218177653177,90483000
2025-10-21,262.5155029296875,265.03308188579996,261.5764108568555,261.6263807259345,46695900
2025-10-22,258.19970703125,262.5954395959732,255.18261234613632,262.3956210979312,45015300
2025-10-23,259.3285827636719,260.36758405794774,257.76012648314656,259.68824995662277,32754900
2025-10-24,262.56549072265625,263.87421967110856,258.9290010880386,260.93706434715574,38253700
2025-10-27,268.5496520996094,268.8593494221352,264.3936774471076,264.6234656652487,44888200
2025-10-28,268.7394714355469,269.6286240979669,267.8902885694659,268.7294713644567,41534800
2025-10-29,269.4388122558594,271.1471476128123,266.85129379808274,269.01920560410514,51086700
2025-10-30,271.13714599609375,273.87451306817263,268.2199910571769,271.72657092903916,69886500
2025-10-31,270.108154296875,277.05143573891627,268.89933466249033,276.721738255342,86167100
2025-11-03,268.7894287109375,270.5877038096653,265.9921525413924,270.15812755648943,50194600
2025-11-04,269.7784729003906,271.22705027239556,267.36080327265466,268.0701070960229,49274800
2025-11-05,269.8783874511719,271.43687417180433,266.67147434431234,268.3498399683747,43683100
2025-11-06,269.50872802734375,273.1352174017799,267.6305743388968,267.6305743388968,51204000
2025-11-07,268.2099914550781,272.02629915101613,266.51162568814635,269.5386899523433,48227400
2025-11-10,269.42999267578125,273.7300109863281,267.4599914550781,268.9599914550781,41312400
2025-11-11,275.25,275.9100036621094,269.79998779296875,269.80999755859375,46208300
2025-11-12,273.4700012207031,275.7300109863281,271.70001220703125,275.0,48398000
2025-11-13,272.95001220703125,276.70001220703125,272.0899963378906,274.1099853515625,49602800
2025-11-14,272.4100036621094,275.9599914550781,269.6000061035156,271.04998779296875,47431300
2025-11-17,267.4599914550781,270.489990234375,265.7300109863281,268.82000732421875,45018300
2025-11-18,267.44000244140625,270.7099914550781,265.32000732421875,269.989990234375,45677300
2025-11-19,268.55999755859375,272.2099914550781,265.5,265.5299987792969,40424500
2025-11-20,266.25,275.42999267578125,265.9200134277344,270.8299865722656,45823600
2025-11-21,271.489990234375,273.3299865722656,265.6700134277344,265.95001220703125,59030800
2025-11-24,275.9200134277344,277.0,270.8999938964844,270.8999938964844,65585800
2025-11-25,276.9700012207031,280.3800048828125,275.25,275.2699890136719,46914200
2025-11-26,277.54998779296875,279.5299987792969,276.6300048828125,276.9599914550781,33431400
2025-11-28,278.8500061035156,279.0,275.989990234375,277.260009765625,20135600
2025-12-01,283.1000061035156,283.4200134277344,276.1400146484375,278.010009765625,46587700
2025-12-02,286.19000244140625,287.3999938964844,282.6300048828125,283.0,53669500
2025-12-03,284.1499938964844,288.6199951171875,283.29998779296875,286.20001220703125,43538700
2025-12-04,280.70001220703125,284.7300109863281,278.5899963378906,284.1000061035156,43989100
2025-12-05,278.7799987792969,281.1400146484375,278.04998779296875,280.5400085449219,47265800
2025-12-08,277.8900146484375,279.6700134277344,276.1499938964844,278.1300048828125,38211800
2025-12-09,277.17999267578125,280.0299987792969,276.9200134277344,278.1600036621094,32193300
2025-12-10,278.7799987792969,279.75,276.44000244140625,277.75,33038300
2025-12-11,278.0299987792969,279.5899963378906,273.80999755859375,279.1000061035156,33248000
2025-12-12,278.2799987792969,279.2200012207031,276.82000732421875,277.8999938964844,39532900
2025-12-15,274.1099853515625,280.1499938964844,272.8399963378906,280.1499938964844,50409100
2025-12-16,274.6099853515625,275.5,271.7900085449219,272.82000732421875,37648600
2025-12-17,271.8399963378906,276.1600036621094,271.6400146484375,275.010009765625,50138700
2025-12-18,272.19000244140625,273.6300048828125,266.95001220703125,273.6099853515625,51630700
2025-12-19,273.6700134277344,274.6000061035156,269.8999938964844,272.1499938964844,144632000
2025-12-22,270.9700012207031,273.8800048828125,270.510009765625,272.8599853515625,36571800
2025-12-23,272.3599853515625,272.5,269.55999755859375,270.8399963378906,29642000
2025-12-24,273.80999755859375,275.42999267578125,272.20001220703125,272.3399963378906,17910600
2025-12-26,273.3999938964844,275.3699951171875,272.8599853515625,274.1600036621094,21521800
2025-12-29,273.760009765625,274.3599853515625,272.3500061035156,272.69000244140625,23715200
2025-12-30,273.0799865722656,274.0799865722656,272.2799987792969,272.80999755859375,22139600
2025-12-31,271.8599853515625,273.67999267578125,271.75,273.05999755859375,27293600
2026-01-02,271.010009765625,277.8399963378906,269.0,272.260009765625,37838100
2026-01-05,267.260009765625,271.510009765625,266.1400146484375,270.6400146484375,45647200
2026-01-06,262.3599853515625,267.54998779296875,262.1199951171875,267.0,52352100
2026-01-07,260.3299865722656,263.67999267578125,259.80999755859375,263.20001220703125,48309800
2026-01-08,259.0400085449219,259.2900085449219,255.6999969482422,257.0199890136719,50419300
2026-01-09,259.3699951171875,260.2099914550781,256.2200012207031,259.0799865722656,39997000
2026-01-12,260.25,261.29998779296875,256.79998779296875,259.1600036621094,45263800
2026-01-13,261.04998779296875,261.80999755859375,258.3900146484375,258.7200012207031,45730800
2026-01-14,259.9599914550781,261.82000732421875,256.7099914550781,259.489990234375,40019400
2026-01-15,258.2099914550781,261.0400085449219,257.04998779296875,260.6499938964844,39388600
2026-01-16,255.52999877929688,258.8999938964844,254.92999267578125,257.8999938964844,72142800
2026-01-20,246.6999969482422,254.7899932861328,243.4199981689453,252.72999572753906,80267500
2026-01-21,247.64999389648438,251.55999755859375,245.17999267578125,248.6999969482422,54641700
2026-01-22,248.35000610351562,251.0,248.14999389648438,249.1999969482422,39708300
2026-01-23,248.0399932861328,249.41000366210938,244.67999267578125,247.32000732421875,41625700
